-- Adminer 4.7.6 MySQL dump

SET NAMES utf8;
SET time_zone = '+00:00';
SET foreign_key_checks = 0;
SET sql_mode = 'NO_AUTO_VALUE_ON_ZERO';

SET NAMES utf8mb4;

DROP TABLE IF EXISTS `artwork`;
CREATE TABLE `artwork` (
  `id` int(11) NOT NULL AUTO_INCREMENT,
  `title` varchar(255) COLLATE utf8mb4_unicode_ci NOT NULL,
  `description` longtext COLLATE utf8mb4_unicode_ci DEFAULT NULL,
  `picture` varchar(255) COLLATE utf8mb4_unicode_ci NOT NULL,
  `slug` varchar(255) COLLATE utf8mb4_unicode_ci DEFAULT NULL,
  `status` tinyint(1) DEFAULT NULL,
  `exhibition_id` int(11) NOT NULL,
  PRIMARY KEY (`id`),
  KEY `IDX_881FC5762A7D4494` (`exhibition_id`),
  CONSTRAINT `FK_881FC5762A7D4494` FOREIGN KEY (`exhibition_id`) REFERENCES `exhibition` (`id`)
) ENGINE=InnoDB AUTO_INCREMENT=151 DEFAULT CHARSET=utf8mb4 COLLATE=utf8mb4_unicode_ci;

TRUNCATE `artwork`;
INSERT INTO `artwork` (`id`, `title`, `description`, `picture`, `slug`, `status`, `exhibition_id`) VALUES
(1,	'La ville sous lumières',	'Les étincelles sont floues et créent des formes organiques, comme des courbes et des cercles, qui se mélangent et se superposent. L\'ensemble de l\'image est dynamique et énergique, créant une atmosphère de feu et de passion.',	'https://cdn.pixabay.com/photo/2014/02/14/08/27/sparks-265850_640.jpg',	'la-ville-sous-lumieres',	1,	9),
(2,	'L\'étrangeté de la vie marine',	'Illustration d\'une méduse flottant dans l\'eau, créant une sensation de légèreté, de douceur, de calme et de tranquillité',	'https://cdn.pixabay.com/photo/2022/02/08/13/41/jellyfish-7001410_640.jpg',	'l-etrangete-de-la-vie-marine',	1,	2),
(3,	'L\'expression libre',	'Composition abstraite et géométrique, avec des formes et des couleurs vives qui se superposent et se chevauchent. Les couleurs vives et la composition dynamique attirent l\'œil et créent une sensation d\'énergie et de mouvement.',	'https://cdn.pixabay.com/photo/2014/12/15/16/46/graffiti-569265_640.jpg',	'l-expression-libre',	1,	7),
(4,	'La symphonie végétale et nuit étoilée',	'La composition est équilibrée et harmonieuse, avec des feuilles qui se chevauchent et se fondent les unes dans les autres. Les feuilles ont des formes organiques et sont disposées de manière dynamique, créant une sensation de mouvement et de vie.',	'https://cdn.pixabay.com/photo/2021/06/01/07/02/plants-6300778_640.jpg',	'la-symphonie-vegetale-et-nuit-etoilee',	1,	9),
(5,	'L\'harmonie du fantastique',	'Création d\'un coin paisible en pleine campagne où animaux, volatiles et humains vivent en harmonie. Le tableau est composé de manière équilibré.',	'https://cdn.pixabay.com/photo/2020/01/06/10/01/illustration-4745025_640.png',	'l-harmonie-du-fantastique',	1,	5),
(6,	'La paix de la végétation',	'L\'oeuvre représente une scène de nature paisible. Un homme face à cette immensité qu\'est la nature. L\'ensemble créé une atmosphère relaxante et harmonieuse, évoquant la tranquillité et la beauté de la nature.',	'https://cdn.pixabay.com/photo/2021/09/07/16/31/nature-6604374_640.jpg',	'la-paix-de-la-vegetation',	1,	9),
(7,	'L\'exploration de l\'abstrait',	'Des coups de pinceau audacieux et une utilisation généreuse de la couleur. Les formes géométriques et organiques se mélangent pour créer une composition dynamique et équilibrée.',	'https://cdn.pixabay.com/photo/2018/02/01/12/01/art-3123127_640.jpg',	'l-exploration-de-l-abstrait',	1,	7),
(8,	'La danse des nuances',	'Peinture abstraite avec des formes géométriques, des lignes et des couleurs vives et contrastées. Les formes sont disposées de manière asymétrique, créant une composition dynamique. Les lignes droites et courbes créent un mouvement dans l\'image, tandis que les couleurs intenses attirent le regard.',	'https://cdn.pixabay.com/photo/2016/08/24/12/02/abstract-1616833_640.jpg',	'la-danse-des-nuances',	1,	1),
(9,	'Fleur et aquarelle',	'Fleurs dans des tons de violet et de rose avec des touches de blanc et de jaune. Les formes florales sont stylisées et évoquent une sensation de mouvement et de légèreté. La composition est équilibrée, avec des éléments disposés autour d\'un point central.',	'https://cdn.pixabay.com/photo/2021/10/29/15/05/floral-6752135_640.jpg',	'fleur-et-aquarelle',	1,	9),
(10,	'Regard persan',	'La beauté du regard et de la femme sont mis en avant, des traits fins et épurés viennent longer les courbes du visage de cette femme au roux étincelant.',	'https://cdn.pixabay.com/photo/2023/03/01/01/51/phone-wallpaper-7822073_640.jpg',	'regard-persan',	1,	6),
(11,	'Harmonie des couleurs',	'Des branches d\'arbres et des feuilles vertes et colorées. La peinture a un point de vue rapproché, ce qui crée une sensation d\'intimité avec la nature. La lumière du soleil brille à travers les feuilles et ajoute une atmosphère chaleureuse et vibrante à l\'oeuvre.',	'https://cdn.pixabay.com/photo/2022/03/10/11/05/nature-7059645_640.jpg',	'harmonie-des-couleurs',	1,	10),
(12,	'Le regard de la nature',	'Le cerf, vu de profil avec ses grands bois bien visibles, tandis qu\'il regarde en direction du visiteur avec ferveur. L\'arrière-plan flou met l\'accent sur le cerf et crée un effet de profondeur. L\'aura majestueux de cette animal englobe l\'oeuvre.',	'https://cdn.pixabay.com/photo/2018/03/30/15/11/deer-3275594_640.jpg',	'le-regard-de-la-nature',	1,	6),
(13,	'Un aide innatendue',	'Une main inconnue vient en aide à une autre. Les fins traits qui dessinent les mains sont témoins d\'une douceur entre les deux inconnus. La tendresse de l\'humanité envers chacun.',	'https://cdn.pixabay.com/photo/2022/09/08/18/27/holiday-7441659_640.jpg',	'un-aide-innatendue',	1,	9),
(14,	'Noirceur lunaire',	'La fleur en floraison aux pétales noires, accueille en son cœur une lune rayonnant de mille feux. Cette lumière englobe l\'oeuvre et nous permet de distinguer les détails de cette oeuvre.',	'https://cdn.pixabay.com/photo/2020/12/14/15/50/flower-5831274_640.jpg',	'noirceur-lunaire',	1,	6),
(15,	'Chute libre',	'L\'oeuvre présente des gros coups de pinceau francs et distincts. Les bavures inspirent un sentiment de flou. Un homme tombant en chute libre, des couleurs vives sont utilisés pour le mettre en avant.',	'https://cdn.pixabay.com/photo/2020/01/28/08/37/watercolour-4799196_640.jpg',	'chute-libre',	1,	8),
(16,	'Une symphonie de feuilles',	'Les feuilles,disposées de manière à créer une texture et une profondeur dans l\'image permettent une mise en abîme.',	'https://cdn.pixabay.com/photo/2023/01/07/08/41/leaves-7702829_640.jpg',	'une-symphonie-de-feuilles',	1,	6),
(17,	'Le refuge de l\'esprit',	'Le bâtiment est entouré d\'une végétation dense et verdoyante, avec des arbres et des buissons qui encadrent la vue. Les couleurs principales de l\'image sont des tons de vert et de beige, qui créent une ambiance calme et paisible. Une sensation de sérénité et de spiritualité se dégage de cette oeuvre.',	'https://cdn.pixabay.com/photo/2021/09/03/00/51/temple-6594770_640.jpg',	'le-refuge-de-l-esprit',	1,	8),
(18,	'La toile en mouvement',	'La composition semble évoquer une sensation de mouvement, de flux et de rythme, comme si les formes étaient en constante évolution. Cette image peut être interprétée de différentes manières, selon les perceptions et les émotions de chacun.',	'https://cdn.pixabay.com/photo/2021/10/12/17/41/abstract-6704211_640.jpg',	'la-toile-en-mouvement',	1,	6),
(19,	'La vie de la rue',	'Une rue dans une ville, vivante, à l\'arrière d\'une boutique menant vers les collines. Cette oeuvre peut évoquer une sensation de mouvement et d\'effervescence, en reflétant la sérénité et l\'énergie de la vie urbaine.',	'https://cdn.pixabay.com/photo/2018/10/26/02/40/street-3773790_640.jpg',	'la-vie-de-la-rue',	1,	5),
(20,	'L\'essence de la vie',	'Une déesse portant la lune, signe de puissance en pleine nuit. Cette oeuvre peut évoquer une ambiance de puissance, de grâce et de sérénité, en reflétant les qualités symboliques d\'une déesse.',	'https://cdn.pixabay.com/photo/2020/06/21/17/04/goddess-5325880_640.jpg',	'l-essence-de-la-vie',	1,	7),
(21,	'Groove en vinyle',	'L\'oeuvre représente un disque vinyle sur une platine. En arrière-plan, on peut voir une pièce décorée avec des affiches et des photos encadrées au mur. Cette image peut évoquer une ambiance de nostalgie et de passion pour la musique, ainsi qu\'une appréciation pour l\'art de la musique sur support analogique.',	'https://cdn.pixabay.com/photo/2021/09/13/23/10/vinyl-6622596_640.jpg',	'groove-en-vinyle',	1,	4),
(22,	'Pause café',	'L\'image montre une tasse de café chaude posée sur une nappe à carreaux. La tasse a une belle couleur brune et laisse échapper une vapeur chaude qui monte dans l\'air. La scène évoque une ambiance chaleureuse et paisible, où l\'on peut profiter d\'un bon livre et d\'une boisson chaude confortablement installé chez soi.',	'https://cdn.pixabay.com/photo/2023/02/16/18/36/coffee-7794531_640.jpg',	'pause-cafe',	1,	1),
(23,	'Le bal des citrouilles',	'La citrouille géante, cachée par le manoir et éclairée par le clair de lune, annonce une ambiance qui donne la chair de poule. Globalement, l\'image représente bien l\'esprit d\'Halloween et peut inspirer une ambiance festive et effrayante pour les fêtes d\'Halloween.',	'https://cdn.pixabay.com/photo/2021/01/01/21/31/halloween-5880068_640.jpg',	'le-bal-des-citrouilles',	1,	2),
(24,	'Cosmos coloré',	'L\'oeuvre possède une texture abstraite et colorée. Les couleurs sont vives et lumineuses, allant du jaune au violet en passant par le rose et l\'orange. Dans l\'ensemble, cette image peut être utilisée comme un moyen énergique et dynamique pour donner du peps..',	'https://cdn.pixabay.com/photo/2017/09/05/23/03/background-2719584_640.jpg',	'cosmos-colore',	1,	7),
(25,	'La liberté à deux roues',	'Cette œuvre est une peinture qui montre un vélo placé sur un fond beige clair, qui donne l\'impression d\'être une surface texturée avec des motifs. Les eclaboussures qui colorent le vélo donne un effet de contraste. L\'œuvre est simple et épurée, mais captivante dans sa composition et son utilisation de couleurs vives.',	'https://cdn.pixabay.com/photo/2017/06/18/16/28/bicycle-2416321_640.jpg',	'la-liberte-a-deux-roues',	1,	8),
(26,	'Nature morte aux fruits et à la carafe',	'Cette oeuvre représente une nature morte composée de plusieurs objets posés sur une table en bois. On peut y voir une carafe d\'eau et une variété de fruit. La lumière semble provenir d\'une fenêtre à gauche de l\'image, créant des ombres nettes sur la table. Les couleurs sont chaudes et harmonieuses, avec des tons de brun, de beige et de rouge.',	'https://cdn.pixabay.com/photo/2014/12/09/21/01/still-life-562357_640.jpg',	'nature-morte-aux-fruits-et-a-la-carafe',	1,	3),
(27,	'Le silence des bancs',	'Cette peinture représente une chemin bordé de bancs publics en bois, sous un ciel ensoleillé. L\'ensemble dégage une atmosphère paisible et invite à la détente et au repos.',	'https://cdn.pixabay.com/photo/2020/01/04/05/12/benches-4739790_1280.jpg',	'le-silence-des-bancs',	1,	5),
(28,	'Brutalité du chaos',	'Cette image est une illustration abstraite avec des formes dans différentes teintes de gris et de noir. Les formes ont des bords irréguliers et se chevauchent les unes les autres pour créer un effet de profondeur. L\'ensemble de l\'image a un aspect négligé mais à la fois travaillé.',	'https://cdn.pixabay.com/photo/2017/09/22/14/53/background-2775834_640.jpg',	'brutalite-du-chaos',	1,	3),
(29,	'Cascade enchantée',	'Cette oeuvre présente un paysage lunaire avec une grande lune en arrière-plan et des cascades en premier plan, sous un ciel étoilé. Les couleurs principales sont des tons de gris, blancs et noirs, créant une atmosphère mystérieuse et sombre.',	'https://cdn.pixabay.com/photo/2022/08/04/09/29/moonscape-7364262_640.jpg',	'cascade-enchantee',	1,	2),
(30,	'Tribu, chef et couleurs',	'Portrait d\'un chef d’une tribu ancienne en Amérique centrale. Les couleurs utilisés sont un mélange de rouge, jaune et marron ce qui amène une ambiance chaleureuse.',	'https://cdn.pixabay.com/photo/2015/11/04/21/33/painting-1023398_640.jpg',	'tribu-chef-et-couleurs',	1,	10),
(31,	'Nuancier sombre',	'Nuancier de bleu, une ambiance qui s\'assombrit au fur et à mesure que l\'on regarde l\'oeuvre.',	'https://cdn.pixabay.com/photo/2022/09/21/17/02/blue-background-7470781_640.jpg',	'nuancier-sombre',	1,	6),
(32,	'Promenade automnale',	'Peinture représentant une allée bordée d\'arbres aux feuilles orangées, signe que l\'automne est arrivé. Les couleurs orangés apportent un sentiment de réconfort.',	'https://cdn.pixabay.com/photo/2019/12/31/14/42/autumn-walk-4732034_640.jpg',	'promenade-automnale',	1,	10),
(33,	'La beauté intemporelle',	'Cette image montre le portrait d\'une femme avec un chapeau. Elle semble contempler son ombre. Une introspection indirecte.',	'https://cdn.pixabay.com/photo/2020/12/27/14/37/woman-5864279_640.jpg',	'la-beaute-intemporelle',	1,	5),
(34,	'La grâce de la femme',	'Cette image est le portrait d\'une femme. Elle semble avoir la vingtaine. Elle a le visage caché par un bouquet de fleurs. L\'éclairage est doux et naturel.',	'https://cdn.pixabay.com/photo/2021/05/04/20/57/woman-6229693_640.jpg',	'la-grace-de-la-femme',	1,	4),
(35,	'Eclats d\'aquarelle',	'Il s\'agit d\'une aquarelle colorée avec un dégradé de tons bleus, verts, roses et orange, représentant un paysage abstrait avec des collines et des arbres. Les coups de pinceau sont lâches et fluides, créant une impression de mouvement et de spontanéité.',	'https://cdn.pixabay.com/photo/2017/07/05/08/13/watercolor-2473755_640.jpg',	'eclats-d-aquarelle',	1,	7),
(36,	'L\'arrivée du printemps',	'Il s\'agit d\'une image colorée avec plusieurs arbres sur fond de ciel bleu vif, situé dans un champ herbeux avec une clôture en arrière-plan. L\'ambiance générale de l\'image est joyeuse et pleine d\'espoir, évoquant le printemps et les nouveaux départs.',	'https://cdn.pixabay.com/photo/2020/01/09/11/10/is-it-spring-time-4752484_640.jpg',	'l-arrivee-du-printemps',	1,	8),
(37,	'Les couleurs à portée de main',	'Cette image montre un assortiment de crayons colorés, rangés les uns à côté des autres. Les couleurs sont vives et variées, allant du rouge vif au bleu ciel, en passant par le vert foncé et le jaune vif. La pointe des crayons est nette et prête à être utilisée pour dessiner ou colorier. L\'image évoque la créativité, l\'imagination et la spontanéité.',	'https://cdn.pixabay.com/photo/2021/03/16/11/31/crayons-6099514_640.jpg',	'les-couleurs-a-portee-de-main',	1,	3),
(38,	'Esquisse d\'une montagne',	'Une esquisse de montagne, un ciel bleu et une inspiration asiatique. Une ambiance apaisante et relaxante se dégage de ce dessin.',	'https://cdn.pixabay.com/photo/2021/10/31/10/23/nature-6756974_640.png',	'esquisse-d-une-montagne',	1,	4),
(39,	'L\'arc-en-ciel abstrait',	'Les couleurs se fondent les unes dans les autres dans un gradient lisse, chaque couleur passant à la suivante de manière transparente. L\'image a une qualité rêveuse et éthérée, avec des lignes douces et vaporeuses qui créent un sentiment de mouvement et de flux. C\'est une image visuellement frappante et envoûtante.',	'https://cdn.pixabay.com/photo/2022/06/09/06/32/abstract-rainbow-7251810_640.jpg',	'l-arc-en-ciel-abstrait',	1,	8),
(40,	'La danse des couleurs',	'Le mélange des couleurs qui s’emmêlent et s\'entre-choquent, ce qui créé une explosivité des couleurs. L’ambiance est chaleureuse et intense.',	'https://cdn.pixabay.com/photo/2019/08/17/16/11/art-4412523_640.jpg',	'la-danse-des-couleurs',	1,	5),
(41,	'La personnalité révélée',	'Le portrait de cette femme reflète sa personnalité. Les couleurs sont sombres et neutres afin de laisser le visiteur se concentrer sur l\'émotion que transmet la femme.',	'https://cdn.pixabay.com/photo/2020/01/31/17/51/woman-4808609_640.jpg',	'la-personnalite-revelee',	1,	9),
(42,	'Le monde de la lumière',	'Nemo sunt ipsum dolorem qui. Quae ipsam et maiores quia. Aut qui dolorem eligendi quisquam consectetur.',	'https://cdn.pixabay.com/photo/2013/02/19/18/12/william-hodges-83440_640.jpg',	'le-monde-de-la-lumiere',	1,	10),
(43,	'Bouquet en éclat',	'Est quis ut sunt hic eaque deleniti. Quia et ratione velit amet. Deserunt exercitationem sapiente quod exercitationem.',	'https://cdn.pixabay.com/photo/2018/02/02/16/41/art-3125816_640.jpg',	'bouquet-en-eclat',	1,	7),
(44,	'La magie du moulin',	'Nam et natus eligendi sunt aut. Aliquam voluptatibus non ea iure nobis porro. Deserunt libero libero totam minima ad praesentium.',	'https://cdn.pixabay.com/photo/2013/02/24/18/34/willem-roelofs-85802_640.jpg',	'la-magie-du-moulin',	1,	7),
(45,	'Évasion sur l\'océan',	'Maiores et consequatur nemo distinctio blanditiis molestias. Quia blanditiis et eum reiciendis repellendus aut. Exercitationem et et corporis et incidunt iste. Ducimus vero quo magni dolor laboriosam. Neque ea et ut qui molestiae sed.',	'https://cdn.pixabay.com/photo/2021/08/18/19/26/background-6556413_640.jpg',	'evasion-sur-l-ocean',	1,	9),
(46,	'Aube florale',	'Vel consequatur non consequuntur assumenda harum distinctio. Et adipisci architecto ipsa voluptatum voluptatem. Non voluptatem nihil consequatur dignissimos eligendi. Iusto expedita sit molestiae reprehenderit nam quia eligendi.',	'https://cdn.pixabay.com/photo/2016/11/07/13/06/painting-1805785_640.jpg',	'aube-florale',	1,	2),
(47,	'La majesté de la nature',	'Praesentium ut voluptas qui et culpa. Quo maiores maiores laboriosam maxime saepe delectus laudantium. Doloremque reprehenderit voluptate quos quis incidunt est omnis sit. Corrupti et numquam qui maxime possimus quasi.',	'https://cdn.pixabay.com/photo/2013/03/09/19/14/george-stubbs-91985_640.jpg',	'la-majeste-de-la-nature',	1,	10),
(48,	'La symphonie des formes',	'Ad eligendi sit quis excepturi. Sequi at qui ducimus ea quo molestiae consequatur. Nemo voluptatum architecto earum aut neque esse.',	'https://cdn.pixabay.com/photo/2016/12/17/16/16/woman-1913737_640.jpg',	'la-symphonie-des-formes',	1,	6),
(49,	'La gestuelle de la couleur',	'Enim facere est accusantium non et eius nam. Velit perferendis quia quaerat cumque velit tenetur aut voluptate. At dolor officia minima autem. Praesentium aut et quod temporibus id quia iste.',	'https://cdn.pixabay.com/photo/2018/02/06/22/43/painting-3135875_640.jpg',	'la-gestuelle-de-la-couleur',	1,	1),
(50,	'Tâches colorées',	'Iusto blanditiis exercitationem ut omnis a. Quos voluptatum quidem rerum sed ut accusantium voluptatem. Quasi at eos repudiandae sint qui soluta. Tempore explicabo quibusdam officia voluptatem vel sit.',	'https://cdn.pixabay.com/photo/2017/07/28/14/10/background-2548758_640.jpg',	'taches-colorees',	1,	9),
(51,	'Réflexion au bord d\'un quai',	'Nihil velit natus in sed accusantium. Veritatis aut magnam atque totam ut occaecati. Expedita officia animi sit eligendi unde.',	'https://cdn.pixabay.com/photo/2020/07/13/15/26/sculpture-5401108_640.jpg',	'reflexion-au-bord-d-un-quai',	1,	1),
(52,	'Expression artistique',	'Tempore eius molestias voluptate exercitationem. Laboriosam laudantium molestiae dolor error. Quaerat dicta sunt aut nihil qui mollitia omnis provident. Perferendis ea et voluptas voluptatem.',	'https://cdn.pixabay.com/photo/2020/06/20/16/32/dance-5321562_640.jpg',	'expression-artistique',	1,	1),
(53,	'Douceur éphémère',	'Distinctio ullam qui sint assumenda. Et qui quis nam quia. Esse corporis sunt adipisci nihil ullam dolorem est consequuntur. Nesciunt necessitatibus maiores repellendus ratione.',	'https://cdn.pixabay.com/photo/2022/05/11/22/17/sage-7190317_640.jpg',	'douceur-ephemere',	1,	6),
(54,	'Illusion psychotrope',	'Provident vitae et omnis repellendus et. Excepturi eum est qui quam id ut. Hic reprehenderit illum aut rem fugit.',	'https://cdn.pixabay.com/photo/2018/03/24/08/56/colorful-3256055_640.jpg',	'illusion-psychotrope',	1,	1),
(55,	'Oeil aguérri',	'Quasi tenetur et eum cumque rerum mollitia. Non distinctio atque ea nisi. Ut nihil culpa quas et voluptatem quam. Quia modi aperiam consequatur aut laborum sit.',	'https://cdn.pixabay.com/photo/2019/09/05/05/28/eye-4453129_640.jpg',	'oeil-aguerri',	1,	6),
(56,	'Naviguer vers l\'horizon',	'Corporis quibusdam enim ut consequatur est. Laboriosam et vitae eum quo. Ut nostrum est voluptas iure. Suscipit et quia atque.',	'https://cdn.pixabay.com/photo/2019/08/03/04/43/mountain-4381041_640.png',	'naviguer-vers-l-horizon',	1,	6),
(57,	'Amour infini',	'Quisquam nesciunt nulla temporibus laudantium aliquid. Incidunt voluptatum reiciendis impedit sapiente omnis at cum. Sunt quis magni fuga. Asperiores libero qui est ex dolor unde.',	'https://cdn.pixabay.com/photo/2020/01/25/02/11/watercolour-4791614_640.jpg',	'amour-infini',	1,	1),
(58,	'Courbes sensuelles',	'Cupiditate quia inventore tenetur et dicta sed facere. Aut possimus quaerat illum. Officia dolores iusto quibusdam ipsum eum similique odit. Quas excepturi similique quas iure.',	'https://cdn.pixabay.com/photo/2021/02/19/11/49/elegant-6029946_640.jpg',	'courbes-sensuelles',	1,	4),
(59,	'Chaos contrôlé',	'Quos similique libero labore quo quasi. Odit veniam possimus odit accusantium. Sequi distinctio id occaecati atque consectetur velit. Ullam tempore reiciendis rerum praesentium sapiente aut dolorem.',	'https://cdn.pixabay.com/photo/2018/03/03/07/34/color-3195081_640.jpg',	'chaos-controle',	1,	7),
(60,	'Moulins fluviales',	'Necessitatibus sapiente alias quis id facere consequuntur. Quam unde qui reiciendis dolorem nulla magni itaque. Qui eligendi molestias numquam iure et sit et nulla. Aut et repellat repellendus fugit exercitationem perspiciatis exercitationem.',	'https://cdn.pixabay.com/photo/2019/09/30/19/55/architecture-4516666_640.jpg',	'moulins-fluviales',	1,	1),
(61,	'Naissance d\'une empreinte',	'Perferendis eaque ea ad voluptatem dolorem corrupti. Explicabo perferendis et et vel aut eius. Sit dolorum sint amet quae. Iure quibusdam vel nostrum maiores quos velit qui.',	'https://cdn.pixabay.com/photo/2021/03/14/11/15/footprints-6093999_640.jpg',	'naissance-d-une-empreinte',	1,	4),
(62,	'Au-delà de l\'horizon',	'Velit saepe eos excepturi iure. Non itaque in totam voluptatibus totam minima necessitatibus.',	'https://cdn.pixabay.com/photo/2018/11/11/00/17/boat-3807786_640.jpg',	'au-dela-de-l-horizon',	1,	7),
(63,	'Humanité déguisée',	'Consequuntur architecto quod doloremque. Vel sit quidem velit vel necessitatibus porro.',	'https://cdn.pixabay.com/photo/2016/10/04/01/26/dog-1713341_640.jpg',	'humanite-deguisee',	1,	8),
(64,	'Sérénité forestière',	'Et quia adipisci unde pariatur ducimus dolorem. Ea ut non doloribus et. Perspiciatis fugiat omnis modi et. Sed porro voluptas doloribus consequatur. Molestiae dicta perspiciatis libero est labore.',	'https://cdn.pixabay.com/photo/2016/06/01/00/40/post-impressionist-1428128_640.jpg',	'serenite-forestiere',	1,	1),
(65,	'L\'envolée de la beauté',	'Tempora et temporibus asperiores aspernatur. Commodi ut et quos in. Minus nam dolores sed voluptas iste ut.',	'https://cdn.pixabay.com/photo/2021/08/31/11/58/woman-6588614_640.jpg',	'l-envolee-de-la-beaute',	1,	4),
(66,	'Jardin de l\'esprit',	'Ullam error provident velit minima cum. Sequi id expedita qui. Fuga sed eligendi et culpa nulla perferendis. Unde odit pariatur in et facilis voluptates nam.',	'https://cdn.pixabay.com/photo/2013/05/11/20/44/spring-flowers-110671_640.jpg',	'jardin-de-l-esprit',	1,	9),
(67,	'Énergie colorée',	'Odio facere libero modi ullam esse et repellendus. Officia assumenda libero id ullam quia rerum voluptate. Atque et aut odio rerum.',	'https://cdn.pixabay.com/photo/2021/02/02/15/12/pictures-5974333_640.jpg',	'energie-coloree',	1,	9),
(68,	'Deux lunes',	'Necessitatibus aperiam et voluptate perspiciatis ratione. Natus similique molestias libero soluta nihil sed. Eaque ea repellat neque sunt.',	'https://cdn.pixabay.com/photo/2021/05/30/19/52/abstract-rainbow-6296890_1280.jpg',	'deux-lunes',	1,	4),
(69,	'Lit crème',	'Temporibus dolorum voluptate quos quia error. Aliquam inventore asperiores aspernatur beatae beatae commodi. Officia nisi voluptatibus non fuga.',	'https://cdn.pixabay.com/photo/2022/10/11/21/58/texture-7515225_640.jpg',	'lit-creme',	1,	9),
(70,	'Aurores boréales cotières',	'Eligendi similique et nostrum et. Nihil sapiente id autem dolores hic exercitationem iste est. Sed voluptatem iure deserunt quibusdam tempora necessitatibus facere.',	'https://cdn.pixabay.com/photo/2023/04/16/19/46/lighthouse-7931051_640.jpg',	'aurores-boreales-cotieres',	1,	7),
(71,	'Prières et silence',	'Molestiae ut aut quisquam eum aliquid corporis nobis. Labore possimus qui commodi mollitia ea minima nam. Libero id fugit animi quam sit.',	'https://cdn.pixabay.com/photo/2020/04/23/14/00/buddha-5082641_640.jpg',	'prieres-et-silence',	1,	5),
(72,	'Les couleurs de l\'eau',	'Modi quas voluptate quam et. Harum quibusdam molestias alias aut non et inventore qui. Nemo omnis sint cumque error. Rerum voluptatem aut qui eos. Aut vitae iusto saepe sit eius odit.',	'https://cdn.pixabay.com/photo/2017/08/22/10/35/background-2668435_640.jpg',	'les-couleurs-de-l-eau',	1,	7),
(73,	'Réflexion nuageuse',	'Ipsam eos ratione qui possimus pariatur eveniet. Dolores esse eaque consequatur officiis facere totam consequuntur. In quidem deserunt voluptatem. Magni cupiditate illum velit architecto.',	'https://cdn.pixabay.com/photo/2020/12/14/15/44/man-5831234_640.jpg',	'reflexion-nuageuse',	1,	8),
(74,	'Explosion de lumières colorées',	'Facilis error ullam facere itaque sunt praesentium. Excepturi amet dolorem voluptatibus dolorem sunt repudiandae ducimus. Quas debitis quo modi et.',	'https://cdn.pixabay.com/photo/2017/09/05/22/58/background-2719560_640.jpg',	'explosion-de-lumieres-colorees',	1,	10),
(75,	'La grâce du cheval',	'Quibusdam quae quis quis corrupti quia vel quia. Eos eos et amet voluptas. Impedit nostrum totam omnis magnam et suscipit.',	'https://cdn.pixabay.com/photo/2013/02/19/17/55/james-ward-83418_640.jpg',	'la-grace-du-cheval',	1,	2),
(76,	'Le royaume des arbres',	'Ipsa nihil praesentium et dicta explicabo qui minus iure. Voluptas error qui reprehenderit quos incidunt fuga. Repudiandae ex dolor est debitis. Dolorem consequatur repellendus ea recusandae perspiciatis.',	'https://cdn.pixabay.com/photo/2016/09/27/19/07/forest-1699079_640.jpg',	'le-royaume-des-arbres',	1,	2),
(77,	'Géométrie boisée',	'Quis voluptates delectus non eveniet vero. Debitis molestiae aut sunt explicabo doloremque. Omnis sint est sed ut doloremque deleniti nihil.',	'https://cdn.pixabay.com/photo/2018/05/21/23/10/steel-3419985_640.jpg',	'geometrie-boisee',	1,	10),
(78,	'Désert montagneux',	'Laudantium id quo consequatur molestiae. Aut voluptas libero laudantium quae voluptas. Et dignissimos eius magnam sed fugiat veritatis accusantium.',	'https://cdn.pixabay.com/photo/2022/08/22/05/01/hill-7402780_640.png',	'desert-montagneux',	1,	8),
(79,	'Sagesse',	'Minima est recusandae ab voluptatibus consequatur non. Vel quam consequatur blanditiis. Vitae sed officia velit aut. Ut sunt omnis a aliquid omnis molestiae accusamus.',	'https://cdn.pixabay.com/photo/2021/11/09/02/29/theater-6780537_640.jpg',	'sagesse',	1,	9),
(80,	'Bourgeon du matin',	'Qui officiis odit veniam cum atque possimus. Quo incidunt neque omnis nihil vel aut consequatur. Cumque porro exercitationem ullam ratione vel illum consequatur. Esse aut tempora explicabo animi dignissimos quis laboriosam fugiat.',	'https://cdn.pixabay.com/photo/2018/04/25/17/07/flower-3350053_640.jpg',	'bourgeon-du-matin',	1,	8),
(81,	'L\'Italie d\'avant',	'Delectus cupiditate est ut recusandae in illum. Consequatur doloremque quis aut cumque in sed. Animi dolorum ipsam deserunt nisi ipsa et rem. Ipsum aliquid facilis inventore quis nulla quidem.',	'https://cdn.pixabay.com/photo/2014/05/11/17/28/art-342113_640.jpg',	'l-italie-d-avant',	1,	7),
(82,	'Fac à face',	'Architecto illum quasi maxime dolorum esse distinctio rerum ipsam. Distinctio provident libero a hic sit nostrum odio. Ipsam qui recusandae magni quia excepturi.',	'https://cdn.pixabay.com/photo/2018/01/28/13/24/portrait-3113651_640.jpg',	'fac-a-face',	1,	2),
(83,	'Mystères nocturnes',	'Delectus adipisci veniam ratione ipsam. Repellat quasi natus velit deleniti. In suscipit officiis ab consectetur velit ea.',	'https://cdn.pixabay.com/photo/2014/07/23/00/56/moon-399834_640.jpg',	'mysteres-nocturnes',	1,	9),
(84,	'Passage boisé',	'Vero sit quam quo quia odit est odit non. Sint est a quis consequatur aspernatur. Molestiae asperiores ut ipsa molestiae earum. Consectetur rem in harum sed quibusdam deleniti rerum et.',	'https://cdn.pixabay.com/photo/2018/09/18/21/50/trees-3687364_640.jpg',	'passage-boise',	1,	6),
(85,	'La tête dans les fleurs',	'Nihil eum et iusto sed. Molestiae fuga corrupti et doloremque libero. Ut voluptas tempore autem.',	'https://cdn.pixabay.com/photo/2015/11/03/10/23/watercolor-1020509_640.jpg',	'la-tete-dans-les-fleurs',	1,	4),
(86,	'Ange tendre',	'Laborum voluptas laborum in pariatur aut. Deserunt consequatur et consequatur quia. Cupiditate alias libero suscipit voluptate inventore dolorem sit perferendis. Laboriosam voluptas quod in voluptatum ratione aut assumenda.',	'https://cdn.pixabay.com/photo/2014/08/25/21/49/angel-427478_640.jpg',	'ange-tendre',	1,	3),
(87,	'Les mille pétales',	'Voluptatibus sed laudantium ut pariatur et. Neque aut repudiandae sit aut. Molestiae quo debitis voluptas ex.',	'https://cdn.pixabay.com/photo/2015/05/13/20/05/backdrop-765917_640.jpg',	'les-mille-petales',	1,	6),
(88,	'Photo d\'antan',	'Laborum mollitia vero assumenda adipisci consequatur inventore. Nisi blanditiis ut odio quod incidunt ut. Debitis accusantium aliquam dolores a. Id facere facilis repellendus facere exercitationem et.',	'https://cdn.pixabay.com/photo/2017/12/29/20/20/people-3048577_640.jpg',	'photo-d-antan',	1,	7),
(89,	'Moment d\'égarement',	'Id et labore recusandae necessitatibus aut iusto. Quo porro adipisci dolorem deleniti aliquid dolores. Sit eos velit neque labore iste. Excepturi atque excepturi consequatur et ut.',	'https://cdn.pixabay.com/photo/2021/01/24/18/31/wine-5946065_640.jpg',	'moment-d-egarement',	1,	4),
(90,	'Immensité observée',	'Tempora dolor voluptas veniam at placeat. Sint corporis reiciendis dolores sed. Voluptatem dolores sit nihil enim doloribus sint perferendis. Optio sunt unde vitae ducimus.',	'https://cdn.pixabay.com/photo/2019/07/25/18/58/church-4363258_640.jpg',	'immensite-observee',	1,	5),
(91,	'Nuit dégagée',	'Et molestiae quos voluptates quam. Ipsam atque quisquam occaecati id et in. Quaerat sunt id incidunt aliquid consectetur nostrum architecto. Distinctio illo eos accusamus fugiat qui quia explicabo quisquam.',	'https://cdn.pixabay.com/photo/2019/09/30/19/20/caravansary-4516601_640.jpg',	'nuit-degagee',	1,	2),
(92,	'Naissance de la création',	'In consectetur necessitatibus nemo odio optio sit voluptas. Et ut est ab quibusdam aut dolorum. Corrupti iure doloremque ea cumque.',	'https://cdn.pixabay.com/photo/2019/09/24/06/10/insect-4500348_640.jpg',	'naissance-de-la-creation',	1,	3),
(93,	'Lumière intérieure',	'Facilis quo nulla quas a error. Aspernatur et nulla nobis fugiat cupiditate ipsam. Ut nam occaecati et eaque distinctio consequatur. Voluptatibus molestiae corrupti eos qui voluptates in nihil quasi. Dignissimos et possimus tempore maxime corrupti fuga eligendi.',	'https://cdn.pixabay.com/photo/2021/03/31/03/12/cat-6138366_640.jpg',	'lumiere-interieure',	1,	4),
(94,	'Dans sa bulle',	'Ullam tenetur nulla neque voluptatem est rem. Aut labore aut ipsam ut sint. Et fuga blanditiis provident ad. Laborum rerum ut aut temporibus itaque.',	'https://cdn.pixabay.com/photo/2022/06/05/13/44/girl-7244099_640.jpg',	'dans-sa-bulle',	1,	5),
(95,	'Traits d\'humanité',	'Magnam id eos voluptatem sapiente. Sunt totam sunt ut et dicta nisi. Expedita ipsum alias deleniti et ipsam accusamus vero.',	'https://cdn.pixabay.com/photo/2021/10/16/13/32/woman-6715054_640.jpg',	'traits-d-humanite',	1,	8),
(96,	'Fleurs de la passion',	'Ea enim sequi ea sint vel molestiae. Voluptas saepe atque et qui. Nostrum repellendus et vero delectus eos. Quisquam molestias tempore eum nisi soluta. Perferendis culpa deserunt sequi blanditiis.',	'https://cdn.pixabay.com/photo/2022/05/11/22/17/pink-hibiscus-7190314_640.jpg',	'fleurs-de-la-passion',	1,	9),
(97,	'Rivage enragé',	'Quaerat repellat voluptatem provident similique itaque quo a. Ullam ipsam nemo quaerat dignissimos fugit enim possimus quis. Eaque rerum aut modi sit a illo voluptatibus.',	'https://cdn.pixabay.com/photo/2019/12/30/10/36/sea-4729356_640.jpg',	'rivage-enrage',	1,	9),
(98,	'Déception et attente',	'Sed necessitatibus molestiae qui nobis nihil quod quod. Nobis sed rem voluptatem. Iure tempora similique sunt cumque nisi quis.',	'https://cdn.pixabay.com/photo/2017/04/19/16/45/girl-2242858_640.jpg',	'deception-et-attente',	1,	8),
(99,	'Petit coin de tranquillité',	'Et harum voluptatem id consectetur sunt sit impedit. Impedit voluptatem vel qui aperiam labore nesciunt. Et sed vero cum aspernatur.',	'https://cdn.pixabay.com/photo/2022/07/31/15/33/cottage-7356147_640.jpg',	'petit-coin-de-tranquillite',	1,	3),
(100,	'Expression corporelle',	'Magni delectus odio omnis sapiente. Laudantium ut voluptatum sunt distinctio ducimus velit. Eos perspiciatis suscipit nobis magni. Cupiditate in quis sit molestias sed voluptatem.',	'https://cdn.pixabay.com/photo/2019/02/15/14/33/woman-3998571_640.jpg',	'expression-corporelle',	1,	2),
(101,	'Vibrations célestes',	'Ut nesciunt accusamus ut et doloribus quae aliquam. Quasi et quos rerum rerum fuga consequatur. Vitae assumenda consequatur et temporibus quisquam quibusdam ipsam. Sint perspiciatis vero aliquam quis. Odio voluptatem aperiam tenetur.',	'https://cdn.pixabay.com/photo/2019/04/26/17/47/color-4158152_640.jpg',	'vibrations-celestes',	1,	9),
(102,	'Repos imaginaire',	'Repellendus harum quia debitis dolores repellendus autem. Deleniti veritatis sint dolore tempora. Laboriosam quae tenetur eos debitis accusamus excepturi.',	'https://cdn.pixabay.com/photo/2016/04/23/01/33/sculpture-1346988_640.jpg',	'repos-imaginaire',	1,	5),
(103,	'Fusion de teintes',	'Sunt excepturi aliquid maiores. Ipsa quia aut reiciendis culpa rerum. Sapiente officiis aut sit quidem iure aut.',	'https://cdn.pixabay.com/photo/2017/07/05/19/21/art-2475718_640.jpg',	'fusion-de-teintes',	1,	6),
(104,	'Immobile dans l\'éternité',	'Nostrum veritatis sapiente minus adipisci. Sunt architecto laborum sed quo. Minima maiores ut molestias maiores et eligendi odit.',	'https://cdn.pixabay.com/photo/2016/03/23/19/37/statue-1275469_640.jpg',	'immobile-dans-l-eternite',	1,	2),
(105,	'Palais secret',	'Qui qui distinctio repellat modi. Aut eius error sed non repellendus.',	'https://cdn.pixabay.com/photo/2016/11/18/17/07/ancient-1835865_640.jpg',	'palais-secret',	1,	2),
(106,	'Ruelle colorée',	'Atque commodi ab ab harum suscipit. Est dolores porro vero assumenda ut. Necessitatibus placeat nesciunt blanditiis temporibus enim dolorem.',	'https://cdn.pixabay.com/photo/2016/02/27/21/01/ancient-1226277_640.jpg',	'ruelle-coloree',	1,	2),
(107,	'Clair de lune',	'Eaque aut sint natus dolor. Necessitatibus nam voluptatibus voluptate ipsum pariatur quas.',	'https://cdn.pixabay.com/photo/2022/11/01/08/43/mountains-7561636_640.png',	'clair-de-lune',	1,	10),
(108,	'Explosion de couleurs',	'Suscipit qui minus qui nemo. Fuga quis voluptas porro ducimus. Provident eos inventore quae tempore repellendus odit.',	'https://cdn.pixabay.com/photo/2022/01/11/02/53/painting-6929616_640.jpg',	'explosion-de-couleurs',	1,	5),
(109,	'Réflexion interne',	'Eveniet enim reprehenderit mollitia nulla sunt ad temporibus. Soluta rerum quibusdam ut sit rem. Rerum incidunt adipisci qui dignissimos. Debitis sunt aut asperiores excepturi commodi.',	'https://cdn.pixabay.com/photo/2021/02/20/07/25/woman-6032512_640.jpg',	'reflexion-interne',	1,	4),
(110,	'Décomposition florale',	'Iste aut atque omnis laboriosam odit. Et tenetur saepe accusamus. Sapiente voluptas quam hic odit velit. Dignissimos quibusdam non non autem facilis aspernatur ullam.',	'https://cdn.pixabay.com/photo/2023/02/13/07/24/succulents-7786637_640.jpg',	'decomposition-florale',	1,	2),
(111,	'Décadence colorée',	'Enim laborum omnis et. Et amet culpa corrupti quisquam distinctio est nam.',	'https://cdn.pixabay.com/photo/2011/06/29/15/27/wood-8196_640.jpg',	'decadence-coloree',	1,	1),
(112,	'Protection lunaire',	'Facere harum rerum quos pariatur. Necessitatibus numquam mollitia quo placeat voluptatem necessitatibus dolorem. Sunt qui omnis quo asperiores.',	'https://cdn.pixabay.com/photo/2020/11/29/04/02/hand-5786371_640.jpg',	'protection-lunaire',	1,	2),
(113,	'Les couleurs de l\'âme',	'Optio accusamus aut officiis dolor quisquam. Ut debitis hic quis sed dignissimos. Architecto vel et quia.',	'https://cdn.pixabay.com/photo/2017/08/30/12/45/girl-2696947_1280.jpg',	'les-couleurs-de-l-ame',	1,	8),
(114,	'La beauté de l\'inerte',	'Rem rem nulla quae laudantium illum. Dolore quas nemo et aspernatur. Alias dolorem vel tempora laborum enim.',	'https://cdn.pixabay.com/photo/2018/07/06/13/30/statue-3520416_640.jpg',	'la-beaute-de-l-inerte',	1,	8),
(115,	'Pluie torrentielle',	'Omnis unde consequatur corporis. Ut rerum iusto omnis fuga accusamus. Et debitis aperiam omnis quibusdam laudantium.',	'https://cdn.pixabay.com/photo/2021/06/22/14/55/girl-6356393_640.jpg',	'pluie-torrentielle',	1,	1),
(116,	'Couché d\'un soleil orangé',	'Totam aliquid esse sint. Magnam vero tempore et eligendi perspiciatis temporibus. Id dolores sunt beatae dignissimos occaecati.',	'https://cdn.pixabay.com/photo/2021/09/25/12/52/boho-art-6654957_640.jpg',	'couche-d-un-soleil-orange',	1,	2),
(117,	'Résonance florale',	'Quia voluptatem ullam quis in. Consequatur illo ipsa necessitatibus cupiditate. Dolores temporibus voluptatibus neque et eum porro aperiam. Nam quo velit modi doloribus ea.',	'https://cdn.pixabay.com/photo/2022/06/28/12/28/boho-art-7289600_640.jpg',	'resonance-florale',	1,	9),
(118,	'Harmonie chromatique',	'Sed nihil odit sed. Itaque quaerat provident deserunt corporis. Animi et quos autem nihil. Iste quia libero enim hic.',	'https://cdn.pixabay.com/photo/2017/07/03/20/17/colorful-2468874_640.jpg',	'harmonie-chromatique',	1,	5),
(119,	'Industrie black&white',	'Deserunt dolor qui nemo sed. Labore quidem similique repellendus assumenda atque esse. Quas ut id qui quia id ad.',	'https://cdn.pixabay.com/photo/2018/06/21/11/19/architecture-3488306_640.jpg',	'industrie-black-white',	1,	2),
(120,	'Mouvements voilés',	'Dicta autem at dignissimos nulla expedita iusto eos. Esse iure ullam nihil ipsa omnis nobis dignissimos. Aspernatur labore odit doloremque suscipit est ullam.',	'https://cdn.pixabay.com/photo/2022/03/30/13/16/betta-7101167_640.jpg',	'mouvements-voiles',	1,	5),
(121,	'La liberté du large',	'Itaque rerum rerum laudantium tempora quis et. Eveniet aliquam ea rem sunt perferendis ut. Quos nobis sequi commodi rerum amet voluptatem blanditiis excepturi.',	'https://cdn.pixabay.com/photo/2015/03/05/01/46/sailing-ship-659758_640.jpg',	'la-liberte-du-large',	1,	4),
(122,	'Regard profond',	'Neque voluptatem molestias at fugit ut voluptatem aut. Qui cumque sit velit culpa. Ea ad vel illum molestiae voluptas quidem.',	'https://cdn.pixabay.com/photo/2020/02/04/21/37/watercolour-4819414_640.jpg',	'regard-profond',	1,	10),
(123,	'Bouquet en éclat',	'Sunt sed et ut ipsa quis distinctio aliquam voluptatum. Accusamus dolorem dolor aut est. Sed exercitationem est consequatur rerum. Consequatur et illum porro.',	'https://cdn.pixabay.com/photo/2012/03/02/14/53/flowers-21337_640.jpg',	'bouquet-en-eclat',	1,	2),
(124,	'Point de lumière',	'Repudiandae maxime consequatur reprehenderit voluptates natus pariatur quam itaque. Dicta aut illo qui. Maxime est fugit esse voluptatem repudiandae expedita vero. Voluptatum ut et accusamus qui ut.',	'https://cdn.pixabay.com/photo/2019/03/25/20/17/kaohsiung-4081256_640.jpg',	'point-de-lumiere',	1,	5),
(125,	'Nuit voyageuse',	'Provident deleniti perspiciatis tempore eos nam odio. Nulla possimus laudantium accusamus quidem. Iure omnis natus sint facere. Et commodi ipsa maxime aliquam est sint.',	'https://cdn.pixabay.com/photo/2021/04/29/05/04/desert-6215516_640.jpg',	'nuit-voyageuse',	1,	8),
(126,	'Lune et soleil',	'Rerum omnis aut quia ipsa aut et ratione ut. Nam expedita odit ullam ut voluptas eaque. Voluptas labore eaque sed quo iste enim maxime. Voluptas nobis minima ut non nam autem.',	'https://cdn.pixabay.com/photo/2023/03/18/19/46/botany-7861255_640.jpg',	'lune-et-soleil',	1,	4),
(127,	'Convergence dynamique',	'Laborum autem nemo quaerat quis ratione ut. Similique cum enim sit. Esse unde voluptas beatae possimus in est vel et.',	'https://cdn.pixabay.com/photo/2017/09/12/22/06/background-2743842_640.jpg',	'convergence-dynamique',	1,	2),
(128,	'Vitrail de l\'esprit',	'Autem quo velit est sequi quo totam laboriosam. Temporibus sunt architecto voluptatum et sapiente ratione velit. Laboriosam qui et illo voluptatem. Occaecati esse porro corporis eligendi consequatur tempore facilis. Vero sapiente est velit tempore maiores sit alias.',	'https://cdn.pixabay.com/photo/2016/11/20/21/57/church-window-1843900_640.jpg',	'vitrail-de-l-esprit',	1,	9),
(129,	'Océan coloré',	'Corporis quibusdam rerum eos rerum rerum. A sed ut et et omnis quis voluptatem quo.',	'https://cdn.pixabay.com/photo/2017/07/31/19/36/wall-2560330_640.jpg',	'ocean-colore',	1,	1),
(130,	'Soleil levant',	'Repudiandae quia aut corrupti sequi omnis. Corporis fugiat mollitia dolorem omnis dolorum. Veniam quidem velit voluptatem sed et.',	'https://cdn.pixabay.com/photo/2022/12/30/17/32/boho-art-7687374_640.jpg',	'soleil-levant',	1,	8),
(131,	'Paisibilité et croyance',	'Tempore amet ipsa occaecati et dolores dolor qui ut. Nesciunt et aut et non esse aut. Laudantium et vero doloremque nam qui quod rerum. Sint at nihil dolor eos debitis a ut nobis.',	'https://cdn.pixabay.com/photo/2019/03/18/18/41/church-4063765_640.jpg',	'paisibilite-et-croyance',	1,	10),
(132,	'Visage caché',	'Aut rerum aut mollitia natus. In inventore et accusantium magnam. Ipsam consequatur molestias magni dolor. Nulla eos qui nemo ut.',	'https://cdn.pixabay.com/photo/2017/04/02/16/58/woman-2196323_640.jpg',	'visage-cache',	1,	9),
(133,	'Jardin d\'Adam',	'Quasi dolorum beatae maxime ut. Esse voluptas vero adipisci cumque vel eum. Voluptatem dolores et qui est est hic illum. Quo praesentium quis earum ipsa maiores omnis itaque.',	'https://cdn.pixabay.com/photo/2016/07/17/19/10/background-1524540_640.jpg',	'jardin-d-adam',	1,	6),
(134,	'Le pouvoir du regard',	'Voluptatibus et cumque delectus quasi natus in. Rerum aut et eaque aut. Enim autem voluptatem ut praesentium. Dolorem necessitatibus tempore eos. Dignissimos vero error sed qui suscipit.',	'https://cdn.pixabay.com/photo/2015/05/03/14/40/woman-751235_640.jpg',	'le-pouvoir-du-regard',	1,	8),
(135,	'L\'univers de Coca Cola',	'Possimus non accusamus numquam quia. Omnis natus recusandae iusto voluptatem explicabo consequatur nisi iure. Minima natus sunt nesciunt et. Pariatur aspernatur id inventore culpa atque. Possimus molestiae ab sed veritatis.',	'https://cdn.pixabay.com/photo/2015/04/23/22/58/coca-cola-736967_640.jpg',	'l-univers-de-coca-cola',	1,	8),
(136,	'Pont de la liberté',	'Velit voluptas molestias sunt voluptatibus ratione optio. Consequatur molestiae est dolores laboriosam sed. Eos voluptate incidunt enim quaerat nam.',	'https://cdn.pixabay.com/photo/2020/01/30/09/30/watercolour-4804832_640.jpg',	'pont-de-la-liberte',	1,	10),
(137,	'Liberté',	'Porro rerum sint perferendis. Quia sed voluptatem eaque quibusdam. Velit ad eligendi esse quis. Atque deleniti illum aspernatur occaecati est.',	'https://cdn.pixabay.com/photo/2017/06/14/06/51/angel-2401263_640.jpg',	'liberte',	1,	3),
(138,	'Couleurs de l\'esprit',	'Saepe harum exercitationem qui magni dicta fuga ut. Fugit et voluptates ullam autem ut. Eaque qui sapiente consequatur aut. Dolorem voluptatem unde vitae totam.',	'https://cdn.pixabay.com/photo/2017/06/03/20/12/art-2369664_640.jpg',	'couleurs-de-l-esprit',	1,	6),
(139,	'Vitesse et liberté',	'Voluptatibus nobis non aut quas reiciendis repellat. Earum est ipsam omnis quisquam eum. Sit officiis voluptatem assumenda consequatur quia.',	'https://cdn.pixabay.com/photo/2017/12/28/16/18/bicycle-3045580_640.jpg',	'vitesse-et-liberte',	1,	1),
(140,	'En équilibre',	'Blanditiis magnam omnis cumque cumque iusto consequatur. Accusantium quia tempore non illo sed quisquam quia. Omnis reiciendis harum quam sit. Voluptas quae quo dolor beatae et. Provident molestiae consequatur aut facere vero in sed aut.',	'https://cdn.pixabay.com/photo/2017/04/04/08/55/art-2200740_640.jpg',	'en-equilibre',	1,	2),
(141,	'Élégance et pureté',	'Autem est dolorem sint et. Voluptatibus nam at consequatur dolorem.',	'https://cdn.pixabay.com/photo/2013/03/02/22/21/edward-hughes-89416_640.jpg',	'elegance-et-purete',	1,	4),
(142,	'Reflet de l\'âme',	'Voluptate illum recusandae ducimus rerum nulla sint. Accusamus eligendi quos commodi aperiam veniam atque incidunt. Magni a natus sed consequatur a enim.',	'https://cdn.pixabay.com/photo/2021/04/26/01/39/trees-6207925_640.jpg',	'reflet-de-l-ame',	1,	4),
(143,	'Échos de lumière',	'Rerum molestias enim consequatur quia ut reiciendis maiores iusto. Et quia sit praesentium veniam tenetur voluptatem. Error sit quidem quas voluptatem fugiat qui doloremque. Incidunt at eligendi est numquam.',	'https://cdn.pixabay.com/photo/2016/11/12/20/00/under-water-1819586_640.jpg',	'echos-de-lumiere',	1,	9),
(144,	'Formes fluides',	'Voluptas eligendi est exercitationem unde assumenda quibusdam. Similique laboriosam et reiciendis nisi. Est adipisci labore aut eos quos commodi non. Consectetur dignissimos voluptatem voluptatem occaecati facilis sunt deleniti.',	'https://cdn.pixabay.com/photo/2022/07/17/11/59/amber-7327252_640.jpg',	'formes-fluides',	1,	5),
(145,	'Fleurs de la passion',	'Repellendus adipisci ut accusantium mollitia et fuga. Est rerum ex molestias autem. Et enim ut aut ex facilis unde. Rem earum cum sit beatae aperiam.',	'https://cdn.pixabay.com/photo/2022/05/11/22/17/flowers-7190313_640.jpg',	'fleurs-de-la-passion',	1,	5),
(146,	'Fleurs hérantes',	'Ex doloribus sit non id ad. Consequuntur et autem excepturi sint fugiat est. Qui tempore et voluptatibus sint eius distinctio hic repellendus.',	'https://cdn.pixabay.com/photo/2022/09/27/04/15/roses-7481991_640.jpg',	'fleurs-herantes',	1,	10),
(147,	'Horizons infinis',	'Saepe et molestiae unde hic minus consequuntur harum. Odit magnam sed numquam numquam qui sunt. Ipsum similique soluta explicabo autem et. Aliquam sequi voluptatem in et.',	'https://cdn.pixabay.com/photo/2022/08/13/05/59/impressionism-7382949_640.jpg',	'horizons-infinis',	1,	10),
(148,	'Éclaboussures de mercure',	'Voluptas adipisci cumque ea est. Sapiente aut maiores laborum quis unde ex beatae. Perspiciatis molestiae molestiae doloremque quasi amet voluptatem. Mollitia et fugit qui odio repudiandae.',	'https://cdn.pixabay.com/photo/2020/05/17/20/34/concept-5183469_640.jpg',	'eclaboussures-de-mercure',	1,	1),
(149,	'Promenade sur le bord du lac',	'Placeat est id vitae est. Voluptate aut nisi quod exercitationem harum. Magni tempora velit sit sit iure. Aut autem ut qui ea non.',	'https://cdn.pixabay.com/photo/2013/02/13/16/53/robert-padley-81327_640.jpg',	'promenade-sur-le-bord-du-lac',	1,	8),
(150,	'La fleur d\'ivresse',	'Fleurs violettes en pleine floraison',	'https://cdn.pixabay.com/photo/2017/09/04/22/40/flowers-2715804_640.jpg',	'la-fleur-d-ivresse',	1,	7);

DROP TABLE IF EXISTS `doctrine_migration_versions`;
CREATE TABLE `doctrine_migration_versions` (
  `version` varchar(191) COLLATE utf8_unicode_ci NOT NULL,
  `executed_at` datetime DEFAULT NULL,
  `execution_time` int(11) DEFAULT NULL,
  PRIMARY KEY (`version`)
) ENGINE=InnoDB DEFAULT CHARSET=utf8 COLLATE=utf8_unicode_ci;


DROP TABLE IF EXISTS `exhibition`;
CREATE TABLE `exhibition` (
  `id` int(11) NOT NULL AUTO_INCREMENT,
  `title` varchar(255) COLLATE utf8mb4_unicode_ci NOT NULL,
  `slug` varchar(255) COLLATE utf8mb4_unicode_ci DEFAULT NULL,
  `start_date` date DEFAULT NULL,
  `end_date` date DEFAULT NULL,
  `status` tinyint(1) DEFAULT NULL,
  `artist_id` int(11) NOT NULL,
  `description` longtext COLLATE utf8mb4_unicode_ci DEFAULT NULL,
  PRIMARY KEY (`id`),
  KEY `IDX_B8353389B7970CF8` (`artist_id`),
  CONSTRAINT `FK_B8353389B7970CF8` FOREIGN KEY (`artist_id`) REFERENCES `user` (`id`)
) ENGINE=InnoDB AUTO_INCREMENT=24 DEFAULT CHARSET=utf8mb4 COLLATE=utf8mb4_unicode_ci;

TRUNCATE `exhibition`;
INSERT INTO `exhibition` (`id`, `title`, `slug`, `start_date`, `end_date`, `status`, `artist_id`, `description`) VALUES
(1,	'Renaissance naturelle',	'renaissance-naturelle',	'2023-04-20',	'2023-08-20',	1,	3,	'Cette exposition est une célébration de la nature et de son renouveau. Les œuvres présentées dans cette exposition cherchent à explorer la relation entre l\'homme et la nature et comment cette relation peut être renouvelée pour créer un avenir plus durable. Les visiteurs sont invités à contempler les différentes manières dont l\'artiste explore la relation entre l\'homme et la nature, et comment cette relation peut être renouvelée pour créer un avenir plus durable.'),
(2,	'Dans l\'univers d\'Aurélien Baquet',	'dans-l-univers-d-aurelien-baquet',	'2023-04-20',	'2023-08-20',	1,	3,	'L\'exposition présente une collection de photographies, de peintures, de dessins du monde entier qui explorent la beauté et la complexité de la nature. A travers son exposition Aurélien Baquet veut nous transmettre son amour de la nature et le respect qu\'il a pour elle. Voyager à travers cette exposition immersive'),
(3,	'Exploration de l\'âme',	'exploration-de-l-ame',	'2023-04-20',	'2023-08-20',	1,	6,	'C\'est  une exploration des profondeurs de l\'âme humaine à travers l\'art. Les œuvres d\'art présentées dans cette exposition cherchent à transmettre les émotions les plus profondes et les pensées les plus intimes en utilisant une variété de médias artistiques. Des œuvres d\'art émouvantes et introspective vous y attendent. C\'est une célébration de la richesse et de la complexité de l\'âme humaine..'),
(4,	'Infinie créativité',	'infinie-creativite',	'2023-04-20',	'2023-08-20',	1,	5,	'C\'est une célébration de la capacité infinie de l\'être humain à créer. Les œuvres présentées dans cette exposition cherchent à explorer les différentes manières dont l\'artiste peut exprimer sa créativité à travers une variété de médias artistiques. Les visiteurs sont invités à contempler les différentes manières dont l\'artiste explorent les thèmes de l\'originalité, de l\'ingéniosité et de la créativité infinie à travers l\'art.'),
(5,	'Chaos et beauté',	'chaos-et-beaute',	'2023-04-20',	'2023-08-20',	1,	7,	'C\'est une exploration des contradictions apparentes entre l\'ordre et le désordre, la beauté et la laideur, la lumière et l\'obscurité. Les œuvres d\'art présentées dans cette exposition cherchent à évoquer ces concepts complexes, souvent opposés, en créant des compositions saisissantes et des ambiances émotionnelles intenses. Vous serez immédiatement enveloppés par des œuvres d\'art chaotiques et complexes'),
(6,	'Harmonie des couleurs',	'harmonie-des-couleurs',	'2023-04-20',	'2023-08-20',	1,	4,	'Véritable célébration des couleurs et de leur pouvoir de créer des émotions et des atmosphères. Les œuvres présentées dans cette exposition cherchent à explorer les possibilités infinies offertes par la combinaison de couleurs. Des peintures et des dessins qui explorent les différentes combinaisons de couleurs primaires pour créer des palettes vibrantes et audacieuse.  Les visiteurs sont invités à contempler les différentes manières dont l\'artiste explore les thèmes de l\'harmonie, de la luminosité et de la subtilité des couleurs à travers l\'art.s.'),
(7,	'Fragments de mémoire',	'fragements-de-memoire',	'2023-04-20',	'2023-08-20',	1,	4,	'L\'exposition est une exploration de la mémoire humaine à travers l\'art. Les œuvres présentées cherchent à capturer des souvenirs et des expériences passées en utilisant une variété de médias artistiques. C\'est une célébration de la richesse et de la complexité de la mémoire humaine. Les visiteurs sont invités à contempler les différentes manières dont l\'artiste explore les thèmes de la nostalgie, de la mémoire collective et de la transformation de la mémoire à travers l\'art.'),
(8,	'Art de la lumière',	'art-de-la-lumiere',	'2023-04-20',	'2023-08-20',	1,	5,	'C\'est une célébration de la façon dont l\'artiste utilise la lumière pour créer des œuvres d\'art captivantes. L\'exposition présente une variété d\'œuvres d\'art qui utilisent la lumière de différentes manières pour créer des effets visuels intéressants et des émotions. Les effets futuristes sont incroyables. L\'expérimentation de la lumière est au cœur de cette exposition aussi unique qu\'innovante'),
(9,	'Inspiration cosmique',	'inspiration-cosmique',	'2023-04-20',	'2023-08-20',	1,	6,	'L\'artiste nous amène vers une célébration de l\'Univers et de son influence sur l\'imagination et la créativité humaines. Les œuvres présentées dans cette exposition cherchent à explorer les idées de l\'espace, de l\'astrophysique et de l\'exploration spatiale. Les œuvres célèbrent la beauté de l\'espace et de l\'Univers. Les visiteurs sont invités à contempler les différentes manières dont les artistes explorent les thèmes de l\'espace, de l\'astrophysique et de l\'exploration spatiale à travers l\'art.'),
(10,	'Dialogues silencieux',	'dialogues-silencieux',	'2023-04-20',	'2023-08-20',	1,	5,	'C\'est une exploration de la communication non verbale et des expressions visuelles qui transcendent les mots. Les œuvres d\'art présentées dans cette exposition cherchent à transmettre des émotions, des idées et des réflexions en utilisant des formes, des couleurs, des textures et des mouvements. Vous serez accueillis par des œuvres d\'art silencieuses mais puissantes.'),
(19,	'Pour toi',	'pour-toi',	'2023-04-20',	'2023-08-20',	1,	3,	'Ode à Mathieu'),
(20,	'Pim Pam Poum',	'pim-pam-poum',	'2023-04-20',	'2023-08-20',	1,	3,	'c\'est l\'effet papillon..'),
(21,	'Salut les backeux',	'salut-les-backeux',	'2023-04-20',	'2023-08-20',	1,	3,	'mode CLI.. afk popcorn'),
(22,	'test',	'test',	'2023-04-20',	'2023-08-20',	1,	10,	'encore un test'),
(23,	'cochon pendu',	'cochon-pendu',	'2023-04-21',	'2023-08-21',	1,	3,	'c\'est une longue histoire...');

DROP TABLE IF EXISTS `messenger_messages`;
CREATE TABLE `messenger_messages` (
  `id` bigint(20) NOT NULL AUTO_INCREMENT,
  `body` longtext COLLATE utf8mb4_unicode_ci NOT NULL,
  `headers` longtext COLLATE utf8mb4_unicode_ci NOT NULL,
  `queue_name` varchar(190) COLLATE utf8mb4_unicode_ci NOT NULL,
  `created_at` datetime NOT NULL,
  `available_at` datetime NOT NULL,
  `delivered_at` datetime DEFAULT NULL,
  PRIMARY KEY (`id`),
  KEY `IDX_75EA56E0FB7336F0` (`queue_name`),
  KEY `IDX_75EA56E0E3BD61CE` (`available_at`),
  KEY `IDX_75EA56E016BA31DB` (`delivered_at`)
) ENGINE=InnoDB DEFAULT CHARSET=utf8mb4 COLLATE=utf8mb4_unicode_ci;


DROP TABLE IF EXISTS `user`;
CREATE TABLE `user` (
  `id` int(11) NOT NULL AUTO_INCREMENT,
  `email` varchar(180) COLLATE utf8mb4_unicode_ci NOT NULL,
  `roles` longtext COLLATE utf8mb4_unicode_ci NOT NULL COMMENT '(DC2Type:json)',
  `password` varchar(255) COLLATE utf8mb4_unicode_ci NOT NULL,
  `lastname` varchar(255) COLLATE utf8mb4_unicode_ci NOT NULL,
  `firstname` varchar(255) COLLATE utf8mb4_unicode_ci NOT NULL,
  `nickname` varchar(255) COLLATE utf8mb4_unicode_ci DEFAULT NULL,
  `avatar` varchar(255) COLLATE utf8mb4_unicode_ci DEFAULT NULL,
  `slug` varchar(255) COLLATE utf8mb4_unicode_ci DEFAULT NULL,
  `date_of_birth` date DEFAULT NULL,
  `presentation` varchar(800) COLLATE utf8mb4_unicode_ci DEFAULT NULL,
  PRIMARY KEY (`id`),
  UNIQUE KEY `UNIQ_8D93D649E7927C74` (`email`)
) ENGINE=InnoDB AUTO_INCREMENT=13 DEFAULT CHARSET=utf8mb4 COLLATE=utf8mb4_unicode_ci;

TRUNCATE `user`;
INSERT INTO `user` (`id`, `email`, `roles`, `password`, `lastname`, `firstname`, `nickname`, `avatar`, `slug`, `date_of_birth`, `presentation`) VALUES
(1,	'admin@admin.com',	'[\"ROLE_ADMIN\"]',	'$2y$13$Ov7uQzlJShWEfQoKfKiM8uCh0jQHhHU/XkfQ7J/4xroi5VcAEF7wu',	'Mallet',	'Colette',	NULL,	NULL,	NULL,	NULL,	NULL),
(2,	'moderator@moderator.com',	'[\"ROLE_MODERATOR\"]',	'$2y$13$/oyU5SMCpjo6Q1jXSV0D4OZT6i4kKyiIiRuf3jdxGDvr4d9P6bbwG',	'Renault',	'William',	NULL,	NULL,	NULL,	NULL,	NULL),
(3,	'gilles@chevalier.com',	'[\"ROLE_ARTIST\"]',	'$2y$13$6M3bVDVn8BPs09HDqQyRh.wJYFxB1zVlzawxVDnwa3pUMr2cyGoNy',	'Petit',	'Gilles',	'Gillou',	'https://cdn.pixabay.com/photo/2016/12/07/21/01/cartoon-1890438_640.jpg',	'gillou',	'2011-12-13',	'Je suis un artiste contemporain français dont le travail se concentre sur l\'exploration de la relation entre l\'art et la vie. Je suis connu pour mes peintures et mes sculptures qui reflètent une esthétique minimaliste et conceptuelle, ainsi que pour mes installations immersives qui invitent le spectateur à interagir avec l\'œuvre'),
(4,	'paul.david@blot.com',	'[\"ROLE_ARTIST\"]',	'$2y$13$6M3bVDVn8BPs09HDqQyRh.wJYFxB1zVlzawxVDnwa3pUMr2cyGoNy',	'David',	'Paul',	'paulDav',	'https://cdn.pixabay.com/photo/2017/03/17/22/23/comedian-2152801_640.jpg',	'pauldav',	'1994-11-13',	'Je suis un artiste contemporain qui travaille principalement avec des techniques mixtes pour créer des œuvres d\'art originales et dynamiques. Né en France, j\'ai grandi dans une famille d\'artistes et ai commencé à m\'intéresser à l\'art dès mon plus jeune âge.'),
(5,	'diane12@bousquet.com',	'[\"ROLE_ARTIST\"]',	'$2y$13$6M3bVDVn8BPs09HDqQyRh.wJYFxB1zVlzawxVDnwa3pUMr2cyGoNy',	'Maury',	'Diane',	'maury-diane',	'https://cdn.pixabay.com/photo/2022/12/28/01/47/book-cover-7682044_640.jpg',	'maury-diane',	'1973-08-13',	'Artiste passionnée par la peinture et la sculpture. Je suis née dans une famille d\'artistes et a été encouragée dès mon plus jeune âge à développer mes talents artistiques.\r\nJe me suis spécialisée dans l\'utilisation de la couleur et de la lumière pour créer des œuvres d\'art qui célèbrent la beauté de la nature et de la vie. Mes peintures sont souvent abstraites et géométriques, avec des motifs de couleurs vives qui se chevauchent et se fondent pour créer une sensation de mouvement et d\'harmonie.'),
(6,	'martinez.alexandrie@live.com',	'[\"ROLE_ARTIST\"]',	'$2y$13$6M3bVDVn8BPs09HDqQyRh.wJYFxB1zVlzawxVDnwa3pUMr2cyGoNy',	'Martinez',	'Alexandrie',	'martal',	'https://cdn.pixabay.com/photo/2016/08/31/02/10/girl-1632515_640.jpg',	'martal',	'1970-09-16',	'Je suis une artiste contemporaine talentueuse et polyvalente, originaire de France. Je suis connue pour mon style unique et expressif, ainsi que pour ma capacité à utiliser une variété de médiums pour créer des œuvres d\'art qui capturent l\'imagination. Née dans une famille d\'artistes, j\'ai commencé à dessiner dès mon plus jeune âge et ai rapidement découvert ma passion pour l\'art.'),
(7,	'girard.louis@orange.fr',	'[\"ROLE_ARTIST\"]',	'$2y$13$6M3bVDVn8BPs09HDqQyRh.wJYFxB1zVlzawxVDnwa3pUMr2cyGoNy',	'Girard',	'Louis',	'gerard86',	'https://cdn.pixabay.com/photo/2022/08/02/01/33/man-7359262_640.jpg',	'gerard86',	'1991-02-12',	'Gérard est un artiste libre, indépendant et non-conformiste, qui vit et travaille en France. Il est connu pour son style unique et son approche non-conventionnelle de l\'art.\r\n\r\nJ\'ai commencé à expérimenter avec l\'art dès mon plus jeune âge, et ma passion pour la création m\'a conduit à explorer une variété de médiums, tels que la peinture, la sculpture et la photographie. Au fil du temps, j\'ai développé mon propre style distinctif, qui se caractérise par des couleurs vives, des formes abstraites et des textures riches.Mon art est souvent inspiré par la nature, les émotions humaines et la condition humaine en général.'),
(8,	'laurent@gmail.com',	'[\"ROLE_ARTIST\"]',	'$2y$13$6M3bVDVn8BPs09HDqQyRh.wJYFxB1zVlzawxVDnwa3pUMr2cyGoNy',	'Lemaitre',	'Sébastien',	NULL,	'https://picsum.photos/id/26/50/50',	'sebastien-lemaitre',	NULL,	'je suis laurent, coucou c\'est moi laurent j\'adore la psicine et la plage. Mon plat préféré c\'est les grenouilles miaaaaaaaaaammmmmmmm'),
(9,	'rossi.maurice@gmail.com',	'[\"ROLE_ARTIST\"]',	'$2y$13$6M3bVDVn8BPs09HDqQyRh.wJYFxB1zVlzawxVDnwa3pUMr2cyGoNy',	'Rossi',	'Maurice',	'morossi',	'https://cdn.pixabay.com/photo/2021/01/21/16/44/model-5937809_640.jpg',	'morossi',	'1956-04-21',	'Je suis un artiste dévoué et passionné qui travaille dans une variété de médiums, notamment la peinture, la sculpture et la photographie. Originaire de France, j\'ai commencé à m\'intéresser à l\'art dès mon plus jeune âge et ai rapidement découvert ma passion pour la création. Au fil du temps, j\'ai développé mon propre style distinctif qui se caractérise par une palette de couleurs riches et vibrantes et une esthétique élégante et sophistiquée. J\'utilise souvent des formes géométriques et des motifs abstraits pour créer des œuvres d\'art qui sont à la fois intrigantes et captivantes.'),
(10,	'blabla@bla.com',	'[\"ROLE_ARTIST\"]',	'$2y$13$wgIXJEJaoG45YiqVDgRKSe3A7LW1JYEflRNrspLitIq.oE0GhytjK',	'blabla',	'blabla',	'',	'',	'',	'0001-01-01',	''),
(11,	'azer@azer.com',	'[\"ROLE_ARTIST\"]',	'$2y$13$DR/Y9hejJi7rXEmhhX41POTJ5bmLqGrEk2.JvV5aF3D6NnC.S156e',	'azer',	'azer',	'',	'',	'',	NULL,	''),
(12,	'azerty@aze.com',	'[\"ROLE_ARTIST\"]',	'$2y$13$i43wigcHEalKeOppuHsHReuk073lauZvuRviueqDLS0i.H0g74I2K',	'azerty',	'azerty',	'',	'',	'',	NULL,	'');

-- 2023-04-21 14:04:09