-- Adminer 4.7.6 MySQL dump

SET NAMES utf8;
SET time_zone = '+00:00';
SET foreign_key_checks = 0;
SET sql_mode = 'NO_AUTO_VALUE_ON_ZERO';

SET NAMES utf8mb4;

DROP TABLE IF EXISTS `artwork`;
CREATE TABLE `artwork` (
  `id` int(11) NOT NULL AUTO_INCREMENT,
  `title` varchar(255) COLLATE utf8mb4_unicode_ci NOT NULL,
  `description` longtext COLLATE utf8mb4_unicode_ci DEFAULT NULL,
  `picture` varchar(255) COLLATE utf8mb4_unicode_ci NOT NULL,
  `slug` varchar(255) COLLATE utf8mb4_unicode_ci DEFAULT NULL,
  `status` tinyint(1) DEFAULT NULL,
  `exhibition_id` int(11) NOT NULL,
  PRIMARY KEY (`id`),
  KEY `IDX_881FC5762A7D4494` (`exhibition_id`),
  CONSTRAINT `FK_881FC5762A7D4494` FOREIGN KEY (`exhibition_id`) REFERENCES `exhibition` (`id`)
) ENGINE=InnoDB DEFAULT CHARSET=utf8mb4 COLLATE=utf8mb4_unicode_ci;

TRUNCATE `artwork`;
INSERT INTO `artwork` (`id`, `title`, `description`, `picture`, `slug`, `status`, `exhibition_id`) VALUES
(1,	'facere',	'Consequatur sit ea culpa aut. Pariatur deserunt sit aliquid velit vero. Aut iste enim deserunt. Rem laborum delectus voluptatem vel.',	'https://cdn.pixabay.com/photo/2014/02/14/08/27/sparks-265850_640.jpg',	'facere',	1,	9),
(2,	'ut',	'Rerum nobis consequatur commodi esse quia provident. Quo natus reprehenderit aut animi consequuntur exercitationem. Porro aut libero ipsum tempora. Ab illo occaecati ex ratione aliquid explicabo rerum.',	'https://cdn.pixabay.com/photo/2022/02/08/13/41/jellyfish-7001410_640.jpg',	'ut',	1,	2),
(3,	'exercitationem',	'Maiores a recusandae laudantium eum labore. In minima sunt ut eveniet. Qui magni quam praesentium recusandae et occaecati culpa incidunt. Natus maxime totam eius rerum et alias aspernatur.',	'https://cdn.pixabay.com/photo/2014/12/15/16/46/graffiti-569265_640.jpg',	'exercitationem',	1,	7),
(4,	'assumenda',	'Ipsa velit non placeat repellat. In qui consectetur omnis id dolores nihil et. Consequuntur ratione voluptatem vitae sit enim. Sunt ab ipsam et sit.',	'https://cdn.pixabay.com/photo/2021/06/01/07/02/plants-6300778_640.jpg',	'assumenda',	1,	9),
(5,	'est',	'Voluptas consequuntur aliquam voluptatem illum laboriosam et. Atque ex cumque incidunt occaecati sequi ipsam et. Excepturi voluptatem culpa eligendi est voluptas.',	'https://cdn.pixabay.com/photo/2020/01/06/10/01/illustration-4745025_640.png',	'est',	1,	5),
(6,	'consequuntur',	'Qui distinctio dolores tempore ratione delectus vero aut. Sint distinctio maxime quos ratione dolores nostrum. Minus eaque expedita sunt deleniti. Praesentium rem magnam eos atque aut quo odit.',	'https://cdn.pixabay.com/photo/2021/09/07/16/31/nature-6604374_640.jpg',	'consequuntur',	1,	9),
(7,	'facere',	'Est minima sed quasi ut aut fugiat. Dignissimos et ut qui blanditiis non aut sint. Molestiae aut voluptas repellendus.',	'https://cdn.pixabay.com/photo/2018/02/01/12/01/art-3123127_640.jpg',	'facere',	1,	7),
(8,	'doloribus',	'Quia ea unde ab non eligendi doloribus. Quis aut quibusdam deserunt est velit ullam.',	'https://cdn.pixabay.com/photo/2016/08/24/12/02/abstract-1616833_640.jpg',	'doloribus',	1,	1),
(9,	'tempore',	'Tenetur accusamus occaecati est vel vel dolorem adipisci. Dolores consequuntur est quisquam officiis quae. Ab dolores dolorum et odio. Consectetur id consectetur doloremque ea.',	'https://cdn.pixabay.com/photo/2021/10/29/15/05/floral-6752135_640.jpg',	'tempore',	1,	9),
(10,	'iste',	'Quasi est laboriosam vero soluta sint reiciendis. Sint asperiores non similique numquam. Ut ea error corporis temporibus. Quam nisi maxime nihil sint.',	'https://cdn.pixabay.com/photo/2023/03/01/01/51/phone-wallpaper-7822073_640.jpg',	'iste',	1,	6),
(11,	'magnam',	'Molestias eos vitae enim labore. Itaque quae voluptatem et ut inventore. Dolor modi architecto molestias placeat nam voluptatem fugit. Quaerat nihil rerum optio est esse qui hic.',	'https://cdn.pixabay.com/photo/2022/03/10/11/05/nature-7059645_640.jpg',	'magnam',	1,	10),
(12,	'est',	'Sed quas enim eligendi at illum ratione omnis. Doloribus ut neque pariatur error iure. Voluptates incidunt et hic qui odit quis. Sit exercitationem consectetur quasi qui qui esse.',	'https://cdn.pixabay.com/photo/2018/03/30/15/11/deer-3275594_640.jpg',	'est',	1,	6),
(13,	'numquam',	'Cum blanditiis repellat ipsa et omnis est sit. Numquam dolorum nulla laudantium architecto sed et. Inventore ex distinctio aspernatur reiciendis consequuntur.',	'https://cdn.pixabay.com/photo/2022/09/08/18/27/holiday-7441659_640.jpg',	'numquam',	1,	9),
(14,	'eos',	'Unde et sint explicabo quia quam a a debitis. Ipsa eos quod sed magnam quam molestiae. Illum sequi minima sequi amet. Repellat cupiditate neque iste ipsa. Consequatur rerum iusto nihil porro.',	'https://cdn.pixabay.com/photo/2020/12/14/15/50/flower-5831274_640.jpg',	'eos',	1,	6),
(15,	'sed',	'Exercitationem explicabo amet consequatur assumenda. Velit ipsa ipsa dolorum ut illo sunt autem. Incidunt explicabo odio maiores repellendus aut.',	'https://cdn.pixabay.com/photo/2020/01/28/08/37/watercolour-4799196_640.jpg',	'sed',	1,	8),
(16,	'rerum',	'Quis est commodi molestiae est sit enim. In explicabo sit consequuntur cum harum voluptas. Sequi debitis exercitationem eum inventore non eius et. Est voluptatibus est sequi hic exercitationem. Omnis ex mollitia magnam nam.',	'https://cdn.pixabay.com/photo/2023/01/07/08/41/leaves-7702829_640.jpg',	'rerum',	1,	6),
(17,	'eum',	'Sed ullam laboriosam quia dolor quidem eligendi sequi et. Adipisci consequuntur voluptas voluptatem deleniti suscipit corrupti placeat. Earum cupiditate excepturi assumenda reiciendis ipsam et exercitationem.',	'https://cdn.pixabay.com/photo/2021/09/03/00/51/temple-6594770_640.jpg',	'eum',	1,	8),
(18,	'et',	'Necessitatibus odit est reiciendis tenetur. Consectetur esse ut eligendi aut id consequatur quia quaerat. Voluptate molestiae architecto totam eius eligendi exercitationem animi. Esse maxime id vero fugiat et commodi iusto tempora.',	'https://cdn.pixabay.com/photo/2021/10/12/17/41/abstract-6704211_640.jpg',	'et',	1,	6),
(19,	'animi',	'Incidunt optio ut necessitatibus. Ut ullam voluptatibus eaque totam nesciunt eligendi quam et. Incidunt quas reprehenderit tenetur dolores. Aliquam consequatur aut tempora non ipsam laudantium. Itaque occaecati ipsam facere repellendus minus.',	'https://cdn.pixabay.com/photo/2018/10/26/02/40/street-3773790_640.jpg',	'animi',	1,	5),
(20,	'quam',	'Qui enim rerum error quis quia accusamus nihil. Voluptatem voluptates praesentium enim quia aspernatur totam maxime. Rem in odit doloribus facilis eos. Numquam quo assumenda incidunt.',	'https://cdn.pixabay.com/photo/2020/06/21/17/04/goddess-5325880_640.jpg',	'quam',	1,	7),
(21,	'voluptas',	'Amet ab officia ipsam quis autem et est. Doloribus repellendus doloribus atque nihil rem eligendi dolorem. In facilis at ipsam voluptas.',	'https://cdn.pixabay.com/photo/2021/09/13/23/10/vinyl-6622596_640.jpg',	'voluptas',	1,	4),
(22,	'esse',	'Tempora fugiat nulla optio. Vel temporibus error et esse architecto. Aut est et aspernatur eveniet iste.',	'https://cdn.pixabay.com/photo/2023/02/16/18/36/coffee-7794531_640.jpg',	'esse',	1,	1),
(23,	'voluptas',	'Cupiditate et vel quia praesentium optio. Quae laudantium nesciunt cum repellat cum voluptates. Non explicabo vel consequatur reprehenderit ut vel porro.',	'https://cdn.pixabay.com/photo/2021/01/01/21/31/halloween-5880068_640.jpg',	'voluptas',	1,	2),
(24,	'corrupti',	'Dolor et aut doloremque voluptas rerum exercitationem. Officiis consequatur at repellendus magnam. Tempore hic qui vel natus optio quas ut.',	'https://cdn.pixabay.com/photo/2017/09/05/23/03/background-2719584_640.jpg',	'corrupti',	1,	7),
(25,	'praesentium',	'Quam temporibus vitae et illo. Omnis velit facere non error. Ut sint sed esse aliquid. Doloribus laboriosam sint laudantium.',	'https://cdn.pixabay.com/photo/2017/06/18/16/28/bicycle-2416321_640.jpg',	'praesentium',	1,	8),
(26,	'aut',	'Earum qui voluptatem nemo voluptatem est et. Vel accusantium eum id perferendis sequi eius.',	'https://cdn.pixabay.com/photo/2014/12/09/21/01/still-life-562357_640.jpg',	'aut',	1,	3),
(27,	'ipsam',	'Maxime ut ipsam provident harum totam aperiam expedita. Facere eligendi inventore qui omnis omnis. Repellendus voluptas reiciendis dolorum id.',	'https://cdn.pixabay.com/photo/2020/01/04/05/12/benches-4739790_1280.jpg',	'ipsam',	1,	5),
(28,	'quo',	'Voluptas qui enim aut sint dignissimos eum nihil qui. Sint eaque quae accusamus laudantium porro voluptates quaerat occaecati. Velit magni culpa dicta repellendus sint.',	'https://cdn.pixabay.com/photo/2017/09/22/14/53/background-2775834_640.jpg',	'quo',	1,	3),
(29,	'ut',	'Quo illo vel cum aut est. Temporibus est dolorem adipisci ad quas laborum. Aut a neque laboriosam quibusdam nam dicta quaerat. Fugit ut est porro minus nostrum fugiat. Facere est et sint natus dolor delectus tempora.',	'https://cdn.pixabay.com/photo/2022/08/04/09/29/moonscape-7364262_640.jpg',	'ut',	1,	2),
(30,	'doloribus',	'Illum suscipit sed porro nulla nihil. Deserunt velit et ducimus neque ad suscipit. Mollitia vero beatae velit.',	'https://cdn.pixabay.com/photo/2015/11/04/21/33/painting-1023398_640.jpg',	'doloribus',	1,	10),
(31,	'quia',	'Unde accusantium maiores vel libero. Minus in debitis sed est. Ea itaque omnis et minima.',	'https://cdn.pixabay.com/photo/2022/09/21/17/02/blue-background-7470781_640.jpg',	'quia',	1,	6),
(32,	'et',	'Voluptas quos aut quibusdam sit. Ex nobis dolorem ea suscipit. Et et excepturi et molestiae.',	'https://cdn.pixabay.com/photo/2019/12/31/14/42/autumn-walk-4732034_640.jpg',	'et',	1,	10),
(33,	'quia',	'Officia illo et maxime est tempora. Placeat debitis aut et facilis praesentium dolorem provident. Et quae repellendus voluptas quae consequatur saepe.',	'https://cdn.pixabay.com/photo/2020/12/27/14/37/woman-5864279_640.jpg',	'quia',	1,	5),
(34,	'magnam',	'Et et iure aperiam. Mollitia pariatur voluptas saepe est commodi tempore enim. Rerum rerum sed dolor placeat. Itaque aliquam molestiae et excepturi modi odio.',	'https://cdn.pixabay.com/photo/2021/05/04/20/57/woman-6229693_640.jpg',	'magnam',	1,	4),
(35,	'nisi',	'Numquam recusandae esse aut non commodi repellat. Ullam tempore quia eos exercitationem aperiam. Aut et corrupti inventore. Aut a quasi perferendis reprehenderit est.',	'https://cdn.pixabay.com/photo/2017/07/05/08/13/watercolor-2473755_640.jpg',	'nisi',	1,	7),
(36,	'ut',	'Asperiores libero excepturi magnam veniam sed doloremque esse. Iusto et debitis voluptatibus beatae et. Delectus voluptates facere ut quas aut et.',	'https://cdn.pixabay.com/photo/2020/01/09/11/10/is-it-spring-time-4752484_640.jpg',	'ut',	1,	8),
(37,	'qui',	'Molestias quos et et harum architecto est. Aliquid aut qui qui voluptatum aperiam alias. Maxime voluptatem dolorum sed et aperiam aut corporis occaecati.',	'https://cdn.pixabay.com/photo/2021/03/16/11/31/crayons-6099514_640.jpg',	'qui',	1,	3),
(38,	'consequatur',	'Blanditiis nam dolore dolor hic vel voluptatum quaerat ea. Modi numquam ea modi omnis error quia ab. Ex atque quidem sunt quia at. Animi exercitationem placeat qui id nihil dolorum odio.',	'https://cdn.pixabay.com/photo/2021/10/31/10/23/nature-6756974_640.png',	'consequatur',	1,	4),
(39,	'aut',	'Recusandae voluptatem ducimus et aut eveniet soluta perspiciatis ad. Quia enim dolor incidunt ab est ab iure eligendi. Molestias pariatur fugit dolor ratione. Quia quia numquam non sed expedita rem.',	'https://cdn.pixabay.com/photo/2022/06/09/06/32/abstract-rainbow-7251810_640.jpg',	'aut',	1,	8),
(40,	'qui',	'Et fuga autem eos quod. Quia voluptas dolorem voluptas quam eius consequatur debitis. Nobis et expedita aliquam officia consequuntur. Velit repudiandae amet aliquid suscipit et.',	'https://cdn.pixabay.com/photo/2019/08/17/16/11/art-4412523_640.jpg',	'qui',	1,	5),
(41,	'dolore',	'Vel suscipit enim necessitatibus. Occaecati totam qui voluptatum perferendis. Exercitationem recusandae perferendis aut eligendi commodi maiores. Nostrum repellendus ut in aut.',	'https://cdn.pixabay.com/photo/2020/01/31/17/51/woman-4808609_640.jpg',	'dolore',	1,	9),
(42,	'quibusdam',	'Nemo sunt ipsum dolorem qui. Quae ipsam et maiores quia. Aut qui dolorem eligendi quisquam consectetur.',	'https://cdn.pixabay.com/photo/2013/02/19/18/12/william-hodges-83440_640.jpg',	'quibusdam',	1,	10),
(43,	'atque',	'Est quis ut sunt hic eaque deleniti. Quia et ratione velit amet. Deserunt exercitationem sapiente quod exercitationem.',	'https://cdn.pixabay.com/photo/2018/02/02/16/41/art-3125816_640.jpg',	'atque',	1,	7),
(44,	'mollitia',	'Nam et natus eligendi sunt aut. Aliquam voluptatibus non ea iure nobis porro. Deserunt libero libero totam minima ad praesentium.',	'https://cdn.pixabay.com/photo/2013/02/24/18/34/willem-roelofs-85802_640.jpg',	'mollitia',	1,	7),
(45,	'quod',	'Maiores et consequatur nemo distinctio blanditiis molestias. Quia blanditiis et eum reiciendis repellendus aut. Exercitationem et et corporis et incidunt iste. Ducimus vero quo magni dolor laboriosam. Neque ea et ut qui molestiae sed.',	'https://cdn.pixabay.com/photo/2021/08/18/19/26/background-6556413_640.jpg',	'quod',	1,	9),
(46,	'dolor',	'Vel consequatur non consequuntur assumenda harum distinctio. Et adipisci architecto ipsa voluptatum voluptatem. Non voluptatem nihil consequatur dignissimos eligendi. Iusto expedita sit molestiae reprehenderit nam quia eligendi.',	'https://cdn.pixabay.com/photo/2016/11/07/13/06/painting-1805785_640.jpg',	'dolor',	1,	2),
(47,	'at',	'Praesentium ut voluptas qui et culpa. Quo maiores maiores laboriosam maxime saepe delectus laudantium. Doloremque reprehenderit voluptate quos quis incidunt est omnis sit. Corrupti et numquam qui maxime possimus quasi.',	'https://cdn.pixabay.com/photo/2013/03/09/19/14/george-stubbs-91985_640.jpg',	'at',	1,	10),
(48,	'eveniet',	'Ad eligendi sit quis excepturi. Sequi at qui ducimus ea quo molestiae consequatur. Nemo voluptatum architecto earum aut neque esse.',	'https://cdn.pixabay.com/photo/2016/12/17/16/16/woman-1913737_640.jpg',	'eveniet',	1,	6),
(49,	'nobis',	'Enim facere est accusantium non et eius nam. Velit perferendis quia quaerat cumque velit tenetur aut voluptate. At dolor officia minima autem. Praesentium aut et quod temporibus id quia iste.',	'https://cdn.pixabay.com/photo/2018/02/06/22/43/painting-3135875_640.jpg',	'nobis',	1,	1),
(50,	'deserunt',	'Iusto blanditiis exercitationem ut omnis a. Quos voluptatum quidem rerum sed ut accusantium voluptatem. Quasi at eos repudiandae sint qui soluta. Tempore explicabo quibusdam officia voluptatem vel sit.',	'https://cdn.pixabay.com/photo/2017/07/28/14/10/background-2548758_640.jpg',	'deserunt',	1,	9),
(51,	'repudiandae',	'Nihil velit natus in sed accusantium. Veritatis aut magnam atque totam ut occaecati. Expedita officia animi sit eligendi unde.',	'https://cdn.pixabay.com/photo/2020/07/13/15/26/sculpture-5401108_640.jpg',	'repudiandae',	1,	1),
(52,	'accusantium',	'Tempore eius molestias voluptate exercitationem. Laboriosam laudantium molestiae dolor error. Quaerat dicta sunt aut nihil qui mollitia omnis provident. Perferendis ea et voluptas voluptatem.',	'https://cdn.pixabay.com/photo/2020/06/20/16/32/dance-5321562_640.jpg',	'accusantium',	1,	1),
(53,	'et',	'Distinctio ullam qui sint assumenda. Et qui quis nam quia. Esse corporis sunt adipisci nihil ullam dolorem est consequuntur. Nesciunt necessitatibus maiores repellendus ratione.',	'https://cdn.pixabay.com/photo/2022/05/11/22/17/sage-7190317_640.jpg',	'et',	1,	6),
(54,	'consectetur',	'Provident vitae et omnis repellendus et. Excepturi eum est qui quam id ut. Hic reprehenderit illum aut rem fugit.',	'https://cdn.pixabay.com/photo/2018/03/24/08/56/colorful-3256055_640.jpg',	'consectetur',	1,	1),
(55,	'quia',	'Quasi tenetur et eum cumque rerum mollitia. Non distinctio atque ea nisi. Ut nihil culpa quas et voluptatem quam. Quia modi aperiam consequatur aut laborum sit.',	'https://cdn.pixabay.com/photo/2019/09/05/05/28/eye-4453129_640.jpg',	'quia',	1,	6),
(56,	'eos',	'Corporis quibusdam enim ut consequatur est. Laboriosam et vitae eum quo. Ut nostrum est voluptas iure. Suscipit et quia atque.',	'https://cdn.pixabay.com/photo/2019/08/03/04/43/mountain-4381041_640.png',	'eos',	1,	6),
(57,	'voluptatem',	'Quisquam nesciunt nulla temporibus laudantium aliquid. Incidunt voluptatum reiciendis impedit sapiente omnis at cum. Sunt quis magni fuga. Asperiores libero qui est ex dolor unde.',	'https://cdn.pixabay.com/photo/2020/01/25/02/11/watercolour-4791614_640.jpg',	'voluptatem',	1,	1),
(58,	'autem',	'Cupiditate quia inventore tenetur et dicta sed facere. Aut possimus quaerat illum. Officia dolores iusto quibusdam ipsum eum similique odit. Quas excepturi similique quas iure.',	'https://cdn.pixabay.com/photo/2021/02/19/11/49/elegant-6029946_640.jpg',	'autem',	1,	4),
(59,	'dolores',	'Quos similique libero labore quo quasi. Odit veniam possimus odit accusantium. Sequi distinctio id occaecati atque consectetur velit. Ullam tempore reiciendis rerum praesentium sapiente aut dolorem.',	'https://cdn.pixabay.com/photo/2018/03/03/07/34/color-3195081_640.jpg',	'dolores',	1,	7),
(60,	'officia',	'Necessitatibus sapiente alias quis id facere consequuntur. Quam unde qui reiciendis dolorem nulla magni itaque. Qui eligendi molestias numquam iure et sit et nulla. Aut et repellat repellendus fugit exercitationem perspiciatis exercitationem.',	'https://cdn.pixabay.com/photo/2019/09/30/19/55/architecture-4516666_640.jpg',	'officia',	1,	1),
(61,	'eaque',	'Perferendis eaque ea ad voluptatem dolorem corrupti. Explicabo perferendis et et vel aut eius. Sit dolorum sint amet quae. Iure quibusdam vel nostrum maiores quos velit qui.',	'https://cdn.pixabay.com/photo/2021/03/14/11/15/footprints-6093999_640.jpg',	'eaque',	1,	4),
(62,	'quas',	'Velit saepe eos excepturi iure. Non itaque in totam voluptatibus totam minima necessitatibus.',	'https://cdn.pixabay.com/photo/2018/11/11/00/17/boat-3807786_640.jpg',	'quas',	1,	7),
(63,	'nihil',	'Consequuntur architecto quod doloremque. Vel sit quidem velit vel necessitatibus porro.',	'https://cdn.pixabay.com/photo/2016/10/04/01/26/dog-1713341_640.jpg',	'nihil',	1,	8),
(64,	'nostrum',	'Et quia adipisci unde pariatur ducimus dolorem. Ea ut non doloribus et. Perspiciatis fugiat omnis modi et. Sed porro voluptas doloribus consequatur. Molestiae dicta perspiciatis libero est labore.',	'https://cdn.pixabay.com/photo/2016/06/01/00/40/post-impressionist-1428128_640.jpg',	'nostrum',	1,	1),
(65,	'suscipit',	'Tempora et temporibus asperiores aspernatur. Commodi ut et quos in. Minus nam dolores sed voluptas iste ut.',	'https://cdn.pixabay.com/photo/2021/08/31/11/58/woman-6588614_640.jpg',	'suscipit',	1,	4),
(66,	'et',	'Ullam error provident velit minima cum. Sequi id expedita qui. Fuga sed eligendi et culpa nulla perferendis. Unde odit pariatur in et facilis voluptates nam.',	'https://cdn.pixabay.com/photo/2013/05/11/20/44/spring-flowers-110671_640.jpg',	'et',	1,	9),
(67,	'sed',	'Odio facere libero modi ullam esse et repellendus. Officia assumenda libero id ullam quia rerum voluptate. Atque et aut odio rerum.',	'https://cdn.pixabay.com/photo/2021/02/02/15/12/pictures-5974333_640.jpg',	'sed',	1,	9),
(68,	'quos',	'Necessitatibus aperiam et voluptate perspiciatis ratione. Natus similique molestias libero soluta nihil sed. Eaque ea repellat neque sunt.',	'https://cdn.pixabay.com/photo/2021/05/30/19/52/abstract-rainbow-6296890_1280.jpg',	'quos',	1,	4),
(69,	'sit',	'Temporibus dolorum voluptate quos quia error. Aliquam inventore asperiores aspernatur beatae beatae commodi. Officia nisi voluptatibus non fuga.',	'https://cdn.pixabay.com/photo/2022/10/11/21/58/texture-7515225_640.jpg',	'sit',	1,	9),
(70,	'quae',	'Eligendi similique et nostrum et. Nihil sapiente id autem dolores hic exercitationem iste est. Sed voluptatem iure deserunt quibusdam tempora necessitatibus facere.',	'https://cdn.pixabay.com/photo/2023/04/16/19/46/lighthouse-7931051_640.jpg',	'quae',	1,	7),
(71,	'fuga',	'Molestiae ut aut quisquam eum aliquid corporis nobis. Labore possimus qui commodi mollitia ea minima nam. Libero id fugit animi quam sit.',	'https://cdn.pixabay.com/photo/2020/04/23/14/00/buddha-5082641_640.jpg',	'fuga',	1,	5),
(72,	'aliquid',	'Modi quas voluptate quam et. Harum quibusdam molestias alias aut non et inventore qui. Nemo omnis sint cumque error. Rerum voluptatem aut qui eos. Aut vitae iusto saepe sit eius odit.',	'https://cdn.pixabay.com/photo/2017/08/22/10/35/background-2668435_640.jpg',	'aliquid',	1,	7),
(73,	'est',	'Ipsam eos ratione qui possimus pariatur eveniet. Dolores esse eaque consequatur officiis facere totam consequuntur. In quidem deserunt voluptatem. Magni cupiditate illum velit architecto.',	'https://cdn.pixabay.com/photo/2020/12/14/15/44/man-5831234_640.jpg',	'est',	1,	8),
(74,	'est',	'Facilis error ullam facere itaque sunt praesentium. Excepturi amet dolorem voluptatibus dolorem sunt repudiandae ducimus. Quas debitis quo modi et.',	'https://cdn.pixabay.com/photo/2017/09/05/22/58/background-2719560_640.jpg',	'est',	1,	10),
(75,	'deserunt',	'Quibusdam quae quis quis corrupti quia vel quia. Eos eos et amet voluptas. Impedit nostrum totam omnis magnam et suscipit.',	'https://cdn.pixabay.com/photo/2013/02/19/17/55/james-ward-83418_640.jpg',	'deserunt',	1,	2),
(76,	'accusamus',	'Ipsa nihil praesentium et dicta explicabo qui minus iure. Voluptas error qui reprehenderit quos incidunt fuga. Repudiandae ex dolor est debitis. Dolorem consequatur repellendus ea recusandae perspiciatis.',	'https://cdn.pixabay.com/photo/2016/09/27/19/07/forest-1699079_640.jpg',	'accusamus',	1,	2),
(77,	'voluptatibus',	'Quis voluptates delectus non eveniet vero. Debitis molestiae aut sunt explicabo doloremque. Omnis sint est sed ut doloremque deleniti nihil.',	'https://cdn.pixabay.com/photo/2018/05/21/23/10/steel-3419985_640.jpg',	'voluptatibus',	1,	10),
(78,	'pariatur',	'Laudantium id quo consequatur molestiae. Aut voluptas libero laudantium quae voluptas. Et dignissimos eius magnam sed fugiat veritatis accusantium.',	'https://cdn.pixabay.com/photo/2022/08/22/05/01/hill-7402780_640.png',	'pariatur',	1,	8),
(79,	'nihil',	'Minima est recusandae ab voluptatibus consequatur non. Vel quam consequatur blanditiis. Vitae sed officia velit aut. Ut sunt omnis a aliquid omnis molestiae accusamus.',	'https://cdn.pixabay.com/photo/2021/11/09/02/29/theater-6780537_640.jpg',	'nihil',	1,	9),
(80,	'veritatis',	'Qui officiis odit veniam cum atque possimus. Quo incidunt neque omnis nihil vel aut consequatur. Cumque porro exercitationem ullam ratione vel illum consequatur. Esse aut tempora explicabo animi dignissimos quis laboriosam fugiat.',	'https://cdn.pixabay.com/photo/2018/04/25/17/07/flower-3350053_640.jpg',	'veritatis',	1,	8),
(81,	'neque',	'Delectus cupiditate est ut recusandae in illum. Consequatur doloremque quis aut cumque in sed. Animi dolorum ipsam deserunt nisi ipsa et rem. Ipsum aliquid facilis inventore quis nulla quidem.',	'https://cdn.pixabay.com/photo/2014/05/11/17/28/art-342113_640.jpg',	'neque',	1,	7),
(82,	'inventore',	'Architecto illum quasi maxime dolorum esse distinctio rerum ipsam. Distinctio provident libero a hic sit nostrum odio. Ipsam qui recusandae magni quia excepturi.',	'https://cdn.pixabay.com/photo/2018/01/28/13/24/portrait-3113651_640.jpg',	'inventore',	1,	2),
(83,	'ut',	'Delectus adipisci veniam ratione ipsam. Repellat quasi natus velit deleniti. In suscipit officiis ab consectetur velit ea.',	'https://cdn.pixabay.com/photo/2014/07/23/00/56/moon-399834_640.jpg',	'ut',	1,	9),
(84,	'sequi',	'Vero sit quam quo quia odit est odit non. Sint est a quis consequatur aspernatur. Molestiae asperiores ut ipsa molestiae earum. Consectetur rem in harum sed quibusdam deleniti rerum et.',	'https://cdn.pixabay.com/photo/2018/09/18/21/50/trees-3687364_640.jpg',	'sequi',	1,	6),
(85,	'officiis',	'Nihil eum et iusto sed. Molestiae fuga corrupti et doloremque libero. Ut voluptas tempore autem.',	'https://cdn.pixabay.com/photo/2015/11/03/10/23/watercolor-1020509_640.jpg',	'officiis',	1,	4),
(86,	'aut',	'Laborum voluptas laborum in pariatur aut. Deserunt consequatur et consequatur quia. Cupiditate alias libero suscipit voluptate inventore dolorem sit perferendis. Laboriosam voluptas quod in voluptatum ratione aut assumenda.',	'https://cdn.pixabay.com/photo/2014/08/25/21/49/angel-427478_640.jpg',	'aut',	1,	3),
(87,	'neque',	'Voluptatibus sed laudantium ut pariatur et. Neque aut repudiandae sit aut. Molestiae quo debitis voluptas ex.',	'https://cdn.pixabay.com/photo/2015/05/13/20/05/backdrop-765917_640.jpg',	'neque',	1,	6),
(88,	'rerum',	'Laborum mollitia vero assumenda adipisci consequatur inventore. Nisi blanditiis ut odio quod incidunt ut. Debitis accusantium aliquam dolores a. Id facere facilis repellendus facere exercitationem et.',	'https://cdn.pixabay.com/photo/2017/12/29/20/20/people-3048577_640.jpg',	'rerum',	1,	7),
(89,	'deserunt',	'Id et labore recusandae necessitatibus aut iusto. Quo porro adipisci dolorem deleniti aliquid dolores. Sit eos velit neque labore iste. Excepturi atque excepturi consequatur et ut.',	'https://cdn.pixabay.com/photo/2021/01/24/18/31/wine-5946065_640.jpg',	'deserunt',	1,	4),
(90,	'nobis',	'Tempora dolor voluptas veniam at placeat. Sint corporis reiciendis dolores sed. Voluptatem dolores sit nihil enim doloribus sint perferendis. Optio sunt unde vitae ducimus.',	'https://cdn.pixabay.com/photo/2019/07/25/18/58/church-4363258_640.jpg',	'nobis',	1,	5),
(91,	'enim',	'Et molestiae quos voluptates quam. Ipsam atque quisquam occaecati id et in. Quaerat sunt id incidunt aliquid consectetur nostrum architecto. Distinctio illo eos accusamus fugiat qui quia explicabo quisquam.',	'https://cdn.pixabay.com/photo/2019/09/30/19/20/caravansary-4516601_640.jpg',	'enim',	1,	2),
(92,	'in',	'In consectetur necessitatibus nemo odio optio sit voluptas. Et ut est ab quibusdam aut dolorum. Corrupti iure doloremque ea cumque.',	'https://cdn.pixabay.com/photo/2019/09/24/06/10/insect-4500348_640.jpg',	'in',	1,	3),
(93,	'quae',	'Facilis quo nulla quas a error. Aspernatur et nulla nobis fugiat cupiditate ipsam. Ut nam occaecati et eaque distinctio consequatur. Voluptatibus molestiae corrupti eos qui voluptates in nihil quasi. Dignissimos et possimus tempore maxime corrupti fuga eligendi.',	'https://cdn.pixabay.com/photo/2021/03/31/03/12/cat-6138366_640.jpg',	'quae',	1,	4),
(94,	'expedita',	'Ullam tenetur nulla neque voluptatem est rem. Aut labore aut ipsam ut sint. Et fuga blanditiis provident ad. Laborum rerum ut aut temporibus itaque.',	'https://cdn.pixabay.com/photo/2022/06/05/13/44/girl-7244099_640.jpg',	'expedita',	1,	5),
(95,	'nemo',	'Magnam id eos voluptatem sapiente. Sunt totam sunt ut et dicta nisi. Expedita ipsum alias deleniti et ipsam accusamus vero.',	'https://cdn.pixabay.com/photo/2021/10/16/13/32/woman-6715054_640.jpg',	'nemo',	1,	8),
(96,	'ut',	'Ea enim sequi ea sint vel molestiae. Voluptas saepe atque et qui. Nostrum repellendus et vero delectus eos. Quisquam molestias tempore eum nisi soluta. Perferendis culpa deserunt sequi blanditiis.',	'https://cdn.pixabay.com/photo/2022/05/11/22/17/pink-hibiscus-7190314_640.jpg',	'ut',	1,	9),
(97,	'et',	'Quaerat repellat voluptatem provident similique itaque quo a. Ullam ipsam nemo quaerat dignissimos fugit enim possimus quis. Eaque rerum aut modi sit a illo voluptatibus.',	'https://cdn.pixabay.com/photo/2019/12/30/10/36/sea-4729356_640.jpg',	'et',	1,	9),
(98,	'placeat',	'Sed necessitatibus molestiae qui nobis nihil quod quod. Nobis sed rem voluptatem. Iure tempora similique sunt cumque nisi quis.',	'https://cdn.pixabay.com/photo/2017/04/19/16/45/girl-2242858_640.jpg',	'placeat',	1,	8),
(99,	'ut',	'Et harum voluptatem id consectetur sunt sit impedit. Impedit voluptatem vel qui aperiam labore nesciunt. Et sed vero cum aspernatur.',	'https://cdn.pixabay.com/photo/2022/07/31/15/33/cottage-7356147_640.jpg',	'ut',	1,	3),
(100,	'sequi',	'Magni delectus odio omnis sapiente. Laudantium ut voluptatum sunt distinctio ducimus velit. Eos perspiciatis suscipit nobis magni. Cupiditate in quis sit molestias sed voluptatem.',	'https://cdn.pixabay.com/photo/2019/02/15/14/33/woman-3998571_640.jpg',	'sequi',	1,	2),
(101,	'et',	'Ut nesciunt accusamus ut et doloribus quae aliquam. Quasi et quos rerum rerum fuga consequatur. Vitae assumenda consequatur et temporibus quisquam quibusdam ipsam. Sint perspiciatis vero aliquam quis. Odio voluptatem aperiam tenetur.',	'https://cdn.pixabay.com/photo/2019/04/26/17/47/color-4158152_640.jpg',	'et',	1,	9),
(102,	'ut',	'Repellendus harum quia debitis dolores repellendus autem. Deleniti veritatis sint dolore tempora. Laboriosam quae tenetur eos debitis accusamus excepturi.',	'https://cdn.pixabay.com/photo/2016/04/23/01/33/sculpture-1346988_640.jpg',	'ut',	1,	5),
(103,	'nulla',	'Sunt excepturi aliquid maiores. Ipsa quia aut reiciendis culpa rerum. Sapiente officiis aut sit quidem iure aut.',	'https://cdn.pixabay.com/photo/2017/07/05/19/21/art-2475718_640.jpg',	'nulla',	1,	6),
(104,	'similique',	'Nostrum veritatis sapiente minus adipisci. Sunt architecto laborum sed quo. Minima maiores ut molestias maiores et eligendi odit.',	'https://cdn.pixabay.com/photo/2016/03/23/19/37/statue-1275469_640.jpg',	'similique',	1,	2),
(105,	'aperiam',	'Qui qui distinctio repellat modi. Aut eius error sed non repellendus.',	'https://cdn.pixabay.com/photo/2016/11/18/17/07/ancient-1835865_640.jpg',	'aperiam',	1,	2),
(106,	'et',	'Atque commodi ab ab harum suscipit. Est dolores porro vero assumenda ut. Necessitatibus placeat nesciunt blanditiis temporibus enim dolorem.',	'https://cdn.pixabay.com/photo/2016/02/27/21/01/ancient-1226277_640.jpg',	'et',	1,	2),
(107,	'porro',	'Eaque aut sint natus dolor. Necessitatibus nam voluptatibus voluptate ipsum pariatur quas.',	'https://cdn.pixabay.com/photo/2022/11/01/08/43/mountains-7561636_640.png',	'porro',	1,	10),
(108,	'perferendis',	'Suscipit qui minus qui nemo. Fuga quis voluptas porro ducimus. Provident eos inventore quae tempore repellendus odit.',	'https://cdn.pixabay.com/photo/2022/01/11/02/53/painting-6929616_640.jpg',	'perferendis',	1,	5),
(109,	'blanditiis',	'Eveniet enim reprehenderit mollitia nulla sunt ad temporibus. Soluta rerum quibusdam ut sit rem. Rerum incidunt adipisci qui dignissimos. Debitis sunt aut asperiores excepturi commodi.',	'https://cdn.pixabay.com/photo/2021/02/20/07/25/woman-6032512_640.jpg',	'blanditiis',	1,	4),
(110,	'illo',	'Iste aut atque omnis laboriosam odit. Et tenetur saepe accusamus. Sapiente voluptas quam hic odit velit. Dignissimos quibusdam non non autem facilis aspernatur ullam.',	'https://cdn.pixabay.com/photo/2023/02/13/07/24/succulents-7786637_640.jpg',	'illo',	1,	2),
(111,	'id',	'Enim laborum omnis et. Et amet culpa corrupti quisquam distinctio est nam.',	'https://cdn.pixabay.com/photo/2011/06/29/15/27/wood-8196_640.jpg',	'id',	1,	1),
(112,	'reiciendis',	'Facere harum rerum quos pariatur. Necessitatibus numquam mollitia quo placeat voluptatem necessitatibus dolorem. Sunt qui omnis quo asperiores.',	'https://cdn.pixabay.com/photo/2020/11/29/04/02/hand-5786371_640.jpg',	'reiciendis',	1,	2),
(113,	'neque',	'Optio accusamus aut officiis dolor quisquam. Ut debitis hic quis sed dignissimos. Architecto vel et quia.',	'https://cdn.pixabay.com/photo/2017/08/30/12/45/girl-2696947_1280.jpg',	'neque',	1,	8),
(114,	'minima',	'Rem rem nulla quae laudantium illum. Dolore quas nemo et aspernatur. Alias dolorem vel tempora laborum enim.',	'https://cdn.pixabay.com/photo/2018/07/06/13/30/statue-3520416_640.jpg',	'minima',	1,	8),
(115,	'impedit',	'Omnis unde consequatur corporis. Ut rerum iusto omnis fuga accusamus. Et debitis aperiam omnis quibusdam laudantium.',	'https://cdn.pixabay.com/photo/2021/06/22/14/55/girl-6356393_640.jpg',	'impedit',	1,	1),
(116,	'atque',	'Totam aliquid esse sint. Magnam vero tempore et eligendi perspiciatis temporibus. Id dolores sunt beatae dignissimos occaecati.',	'https://cdn.pixabay.com/photo/2021/09/25/12/52/boho-art-6654957_640.jpg',	'atque',	1,	2),
(117,	'aut',	'Quia voluptatem ullam quis in. Consequatur illo ipsa necessitatibus cupiditate. Dolores temporibus voluptatibus neque et eum porro aperiam. Nam quo velit modi doloribus ea.',	'https://cdn.pixabay.com/photo/2022/06/28/12/28/boho-art-7289600_640.jpg',	'aut',	1,	9),
(118,	'error',	'Sed nihil odit sed. Itaque quaerat provident deserunt corporis. Animi et quos autem nihil. Iste quia libero enim hic.',	'https://cdn.pixabay.com/photo/2017/07/03/20/17/colorful-2468874_640.jpg',	'error',	1,	5),
(119,	'minus',	'Deserunt dolor qui nemo sed. Labore quidem similique repellendus assumenda atque esse. Quas ut id qui quia id ad.',	'https://cdn.pixabay.com/photo/2018/06/21/11/19/architecture-3488306_640.jpg',	'minus',	1,	2),
(120,	'ducimus',	'Dicta autem at dignissimos nulla expedita iusto eos. Esse iure ullam nihil ipsa omnis nobis dignissimos. Aspernatur labore odit doloremque suscipit est ullam.',	'https://cdn.pixabay.com/photo/2022/03/30/13/16/betta-7101167_640.jpg',	'ducimus',	1,	5),
(121,	'fugit',	'Itaque rerum rerum laudantium tempora quis et. Eveniet aliquam ea rem sunt perferendis ut. Quos nobis sequi commodi rerum amet voluptatem blanditiis excepturi.',	'https://cdn.pixabay.com/photo/2015/03/05/01/46/sailing-ship-659758_640.jpg',	'fugit',	1,	4),
(122,	'quia',	'Neque voluptatem molestias at fugit ut voluptatem aut. Qui cumque sit velit culpa. Ea ad vel illum molestiae voluptas quidem.',	'https://cdn.pixabay.com/photo/2020/02/04/21/37/watercolour-4819414_640.jpg',	'quia',	1,	10),
(123,	'illo',	'Sunt sed et ut ipsa quis distinctio aliquam voluptatum. Accusamus dolorem dolor aut est. Sed exercitationem est consequatur rerum. Consequatur et illum porro.',	'https://cdn.pixabay.com/photo/2012/03/02/14/53/flowers-21337_640.jpg',	'illo',	1,	2),
(124,	'ullam',	'Repudiandae maxime consequatur reprehenderit voluptates natus pariatur quam itaque. Dicta aut illo qui. Maxime est fugit esse voluptatem repudiandae expedita vero. Voluptatum ut et accusamus qui ut.',	'https://cdn.pixabay.com/photo/2019/03/25/20/17/kaohsiung-4081256_640.jpg',	'ullam',	1,	5),
(125,	'voluptatem',	'Provident deleniti perspiciatis tempore eos nam odio. Nulla possimus laudantium accusamus quidem. Iure omnis natus sint facere. Et commodi ipsa maxime aliquam est sint.',	'https://cdn.pixabay.com/photo/2021/04/29/05/04/desert-6215516_640.jpg',	'voluptatem',	1,	8),
(126,	'sunt',	'Rerum omnis aut quia ipsa aut et ratione ut. Nam expedita odit ullam ut voluptas eaque. Voluptas labore eaque sed quo iste enim maxime. Voluptas nobis minima ut non nam autem.',	'https://cdn.pixabay.com/photo/2023/03/18/19/46/botany-7861255_640.jpg',	'sunt',	1,	4),
(127,	'similique',	'Laborum autem nemo quaerat quis ratione ut. Similique cum enim sit. Esse unde voluptas beatae possimus in est vel et.',	'https://cdn.pixabay.com/photo/2017/09/12/22/06/background-2743842_640.jpg',	'similique',	1,	2),
(128,	'quae',	'Autem quo velit est sequi quo totam laboriosam. Temporibus sunt architecto voluptatum et sapiente ratione velit. Laboriosam qui et illo voluptatem. Occaecati esse porro corporis eligendi consequatur tempore facilis. Vero sapiente est velit tempore maiores sit alias.',	'https://cdn.pixabay.com/photo/2016/11/20/21/57/church-window-1843900_640.jpg',	'quae',	1,	9),
(129,	'est',	'Corporis quibusdam rerum eos rerum rerum. A sed ut et et omnis quis voluptatem quo.',	'https://cdn.pixabay.com/photo/2017/07/31/19/36/wall-2560330_640.jpg',	'est',	1,	1),
(130,	'ut',	'Repudiandae quia aut corrupti sequi omnis. Corporis fugiat mollitia dolorem omnis dolorum. Veniam quidem velit voluptatem sed et.',	'https://cdn.pixabay.com/photo/2022/12/30/17/32/boho-art-7687374_640.jpg',	'ut',	1,	8),
(131,	'corporis',	'Tempore amet ipsa occaecati et dolores dolor qui ut. Nesciunt et aut et non esse aut. Laudantium et vero doloremque nam qui quod rerum. Sint at nihil dolor eos debitis a ut nobis.',	'https://cdn.pixabay.com/photo/2019/03/18/18/41/church-4063765_640.jpg',	'corporis',	1,	10),
(132,	'aspernatur',	'Aut rerum aut mollitia natus. In inventore et accusantium magnam. Ipsam consequatur molestias magni dolor. Nulla eos qui nemo ut.',	'https://cdn.pixabay.com/photo/2017/04/02/16/58/woman-2196323_640.jpg',	'aspernatur',	1,	9),
(133,	'itaque',	'Quasi dolorum beatae maxime ut. Esse voluptas vero adipisci cumque vel eum. Voluptatem dolores et qui est est hic illum. Quo praesentium quis earum ipsa maiores omnis itaque.',	'https://cdn.pixabay.com/photo/2016/07/17/19/10/background-1524540_640.jpg',	'itaque',	1,	6),
(134,	'delectus',	'Voluptatibus et cumque delectus quasi natus in. Rerum aut et eaque aut. Enim autem voluptatem ut praesentium. Dolorem necessitatibus tempore eos. Dignissimos vero error sed qui suscipit.',	'https://cdn.pixabay.com/photo/2015/05/03/14/40/woman-751235_640.jpg',	'delectus',	1,	8),
(135,	'culpa',	'Possimus non accusamus numquam quia. Omnis natus recusandae iusto voluptatem explicabo consequatur nisi iure. Minima natus sunt nesciunt et. Pariatur aspernatur id inventore culpa atque. Possimus molestiae ab sed veritatis.',	'https://cdn.pixabay.com/photo/2015/04/23/22/58/coca-cola-736967_640.jpg',	'culpa',	1,	8),
(136,	'soluta',	'Velit voluptas molestias sunt voluptatibus ratione optio. Consequatur molestiae est dolores laboriosam sed. Eos voluptate incidunt enim quaerat nam.',	'https://cdn.pixabay.com/photo/2020/01/30/09/30/watercolour-4804832_640.jpg',	'soluta',	1,	10),
(137,	'libero',	'Porro rerum sint perferendis. Quia sed voluptatem eaque quibusdam. Velit ad eligendi esse quis. Atque deleniti illum aspernatur occaecati est.',	'https://cdn.pixabay.com/photo/2017/06/14/06/51/angel-2401263_640.jpg',	'libero',	1,	3),
(138,	'vitae',	'Saepe harum exercitationem qui magni dicta fuga ut. Fugit et voluptates ullam autem ut. Eaque qui sapiente consequatur aut. Dolorem voluptatem unde vitae totam.',	'https://cdn.pixabay.com/photo/2017/06/03/20/12/art-2369664_640.jpg',	'vitae',	1,	6),
(139,	'consequatur',	'Voluptatibus nobis non aut quas reiciendis repellat. Earum est ipsam omnis quisquam eum. Sit officiis voluptatem assumenda consequatur quia.',	'https://cdn.pixabay.com/photo/2017/12/28/16/18/bicycle-3045580_640.jpg',	'consequatur',	1,	1),
(140,	'voluptatem',	'Blanditiis magnam omnis cumque cumque iusto consequatur. Accusantium quia tempore non illo sed quisquam quia. Omnis reiciendis harum quam sit. Voluptas quae quo dolor beatae et. Provident molestiae consequatur aut facere vero in sed aut.',	'https://cdn.pixabay.com/photo/2017/04/04/08/55/art-2200740_640.jpg',	'voluptatem',	1,	2),
(141,	'nemo',	'Autem est dolorem sint et. Voluptatibus nam at consequatur dolorem.',	'https://cdn.pixabay.com/photo/2013/03/02/22/21/edward-hughes-89416_640.jpg',	'nemo',	1,	4),
(142,	'quam',	'Voluptate illum recusandae ducimus rerum nulla sint. Accusamus eligendi quos commodi aperiam veniam atque incidunt. Magni a natus sed consequatur a enim.',	'https://cdn.pixabay.com/photo/2021/04/26/01/39/trees-6207925_640.jpg',	'quam',	1,	4),
(143,	'praesentium',	'Rerum molestias enim consequatur quia ut reiciendis maiores iusto. Et quia sit praesentium veniam tenetur voluptatem. Error sit quidem quas voluptatem fugiat qui doloremque. Incidunt at eligendi est numquam.',	'https://cdn.pixabay.com/photo/2016/11/12/20/00/under-water-1819586_640.jpg',	'praesentium',	1,	9),
(144,	'eius',	'Voluptas eligendi est exercitationem unde assumenda quibusdam. Similique laboriosam et reiciendis nisi. Est adipisci labore aut eos quos commodi non. Consectetur dignissimos voluptatem voluptatem occaecati facilis sunt deleniti.',	'https://cdn.pixabay.com/photo/2022/07/17/11/59/amber-7327252_640.jpg',	'eius',	1,	5),
(145,	'tempore',	'Repellendus adipisci ut accusantium mollitia et fuga. Est rerum ex molestias autem. Et enim ut aut ex facilis unde. Rem earum cum sit beatae aperiam.',	'https://cdn.pixabay.com/photo/2022/05/11/22/17/flowers-7190313_640.jpg',	'tempore',	1,	5),
(146,	'dolores',	'Ex doloribus sit non id ad. Consequuntur et autem excepturi sint fugiat est. Qui tempore et voluptatibus sint eius distinctio hic repellendus.',	'https://cdn.pixabay.com/photo/2022/09/27/04/15/roses-7481991_640.jpg',	'dolores',	1,	10),
(147,	'mollitia',	'Saepe et molestiae unde hic minus consequuntur harum. Odit magnam sed numquam numquam qui sunt. Ipsum similique soluta explicabo autem et. Aliquam sequi voluptatem in et.',	'https://cdn.pixabay.com/photo/2022/08/13/05/59/impressionism-7382949_640.jpg',	'mollitia',	1,	10),
(148,	'soluta',	'Voluptas adipisci cumque ea est. Sapiente aut maiores laborum quis unde ex beatae. Perspiciatis molestiae molestiae doloremque quasi amet voluptatem. Mollitia et fugit qui odio repudiandae.',	'https://cdn.pixabay.com/photo/2020/05/17/20/34/concept-5183469_640.jpg',	'soluta',	1,	1),
(149,	'aliquid',	'Placeat est id vitae est. Voluptate aut nisi quod exercitationem harum. Magni tempora velit sit sit iure. Aut autem ut qui ea non.',	'https://cdn.pixabay.com/photo/2013/02/13/16/53/robert-padley-81327_640.jpg',	'aliquid',	1,	8),
(150,	'in',	'Voluptas tempora accusantium blanditiis nostrum. Et modi aliquam quo totam. Maiores est est rem porro et.',	'https://cdn.pixabay.com/photo/2017/09/04/22/40/flowers-2715804_640.jpg',	'in',	1,	7);

DROP TABLE IF EXISTS `exhibition`;
CREATE TABLE `exhibition` (
  `id` int(11) NOT NULL AUTO_INCREMENT,
  `title` varchar(255) COLLATE utf8mb4_unicode_ci NOT NULL,
  `slug` varchar(255) COLLATE utf8mb4_unicode_ci DEFAULT NULL,
  `start_date` date DEFAULT NULL,
  `end_date` date DEFAULT NULL,
  `status` tinyint(1) DEFAULT NULL,
  `artist_id` int(11) NOT NULL,
  `description` longtext COLLATE utf8mb4_unicode_ci DEFAULT NULL,
  PRIMARY KEY (`id`),
  KEY `IDX_B8353389B7970CF8` (`artist_id`),
  CONSTRAINT `FK_B8353389B7970CF8` FOREIGN KEY (`artist_id`) REFERENCES `user` (`id`)
) ENGINE=InnoDB DEFAULT CHARSET=utf8mb4 COLLATE=utf8mb4_unicode_ci;

TRUNCATE `exhibition`;
INSERT INTO `exhibition` (`id`, `title`, `slug`, `start_date`, `end_date`, `status`, `artist_id`, `description`) VALUES
(1,	'blanditiis',	'blanditiis',	'2023-04-20',	'2023-08-20',	1,	3,	'Quam ab asperiores inventore est et. Accusantium aperiam dolorum dolores culpa illum ad ipsa dolorem. Excepturi nostrum consequatur neque corrupti eos laboriosam. Aut molestiae ipsa excepturi omnis animi occaecati aliquam. Aut officia aliquam voluptatem voluptatem.'),
(2,	'accusantium',	'accusantium',	'2023-04-20',	'2023-08-20',	1,	3,	'Recusandae repudiandae ipsam earum vitae sed. Velit maxime hic aliquid amet ut reiciendis fugiat. Quisquam consequatur animi et omnis in iure nobis.'),
(3,	'earum',	'earum',	'2023-04-20',	'2023-08-20',	1,	6,	'Voluptatem quo ipsum culpa laudantium. Tempora dolor consequatur omnis ut. Molestias minus quae ea similique commodi voluptatem. Amet unde velit consequatur temporibus harum tempora molestiae.'),
(4,	'fugiat',	'fugiat',	'2023-04-20',	'2023-08-20',	1,	5,	'Autem nam et corrupti consectetur. Et quod consequatur pariatur amet est ut aliquid. Eos consequatur fugit soluta adipisci dignissimos et eaque. Provident velit dolores omnis consequatur modi sapiente.'),
(5,	'molestias',	'molestias',	'2023-04-20',	'2023-08-20',	1,	7,	'Voluptatem iusto unde totam molestiae. Corporis minima veniam natus. Non libero maxime voluptatem laboriosam ea vero et. Itaque odio repellat eum tenetur dolores assumenda.'),
(6,	'cum',	'cum',	'2023-04-20',	'2023-08-20',	1,	4,	'Ut magnam ut in labore aut iure. Vel excepturi a debitis minus enim culpa iste.'),
(7,	'ut',	'ut',	'2023-04-20',	'2023-08-20',	1,	4,	'Incidunt eligendi officia vitae debitis quas. Sunt ipsa sed dolorem quis sit. Qui consequatur cupiditate harum distinctio veniam nihil.'),
(8,	'laudantium',	'laudantium',	'2023-04-20',	'2023-08-20',	1,	5,	'Et praesentium beatae enim tempore aliquam nihil. Eligendi aut et iste vero ut. In tenetur beatae ipsa et sed architecto.'),
(9,	'sint',	'sint',	'2023-04-20',	'2023-08-20',	1,	6,	'Aut et ipsa et omnis est. Officia et harum qui quidem. Ut molestiae ea ut sit soluta et.'),
(10,	'fugit',	'fugit',	'2023-04-20',	'2023-08-20',	1,	5,	'Occaecati repellat rerum voluptate dolor. Vel et aut molestias fuga. Iusto aperiam ut ea architecto sint. Eum rerum porro impedit velit.');

DROP TABLE IF EXISTS `user`;
CREATE TABLE `user` (
  `id` int(11) NOT NULL AUTO_INCREMENT,
  `email` varchar(180) COLLATE utf8mb4_unicode_ci NOT NULL,
  `roles` longtext COLLATE utf8mb4_unicode_ci NOT NULL COMMENT '(DC2Type:json)',
  `password` varchar(255) COLLATE utf8mb4_unicode_ci NOT NULL,
  `lastname` varchar(255) COLLATE utf8mb4_unicode_ci NOT NULL,
  `firstname` varchar(255) COLLATE utf8mb4_unicode_ci NOT NULL,
  `nickname` varchar(255) COLLATE utf8mb4_unicode_ci DEFAULT NULL,
  `avatar` varchar(255) COLLATE utf8mb4_unicode_ci DEFAULT NULL,
  `slug` varchar(255) COLLATE utf8mb4_unicode_ci DEFAULT NULL,
  `date_of_birth` date DEFAULT NULL,
  `presentation` varchar(800) COLLATE utf8mb4_unicode_ci DEFAULT NULL,
  PRIMARY KEY (`id`),
  UNIQUE KEY `UNIQ_8D93D649E7927C74` (`email`)
) ENGINE=InnoDB DEFAULT CHARSET=utf8mb4 COLLATE=utf8mb4_unicode_ci;

TRUNCATE `user`;
INSERT INTO `user` (`id`, `email`, `roles`, `password`, `lastname`, `firstname`, `nickname`, `avatar`, `slug`, `date_of_birth`, `presentation`) VALUES
(1,	'admin@admin.com',	'[\"ROLE_ADMIN\"]',	'$2y$13$Ov7uQzlJShWEfQoKfKiM8uCh0jQHhHU/XkfQ7J/4xroi5VcAEF7wu',	'Mallet',	'Colette',	NULL,	NULL,	NULL,	NULL,	NULL),
(2,	'moderator@moderator.com',	'[\"ROLE_MODERATOR\"]',	'$2y$13$/oyU5SMCpjo6Q1jXSV0D4OZT6i4kKyiIiRuf3jdxGDvr4d9P6bbwG',	'Renault',	'William',	NULL,	NULL,	NULL,	NULL,	NULL),
(3,	'gilles.margaret@chevalier.com',	'[\"ROLE_ARTIST\"]',	'$2y$13$6M3bVDVn8BPs09HDqQyRh.wJYFxB1zVlzawxVDnwa3pUMr2cyGoNy',	'Petit',	'Colette',	'etienne.caroline',	'https://picsum.photos/id/22/50/50',	'colette-petit',	'2011-12-13',	'Rerum vel et magnam consequuntur consequatur. Repellat officiis est nisi a officia. Asperiores ullam aut assumenda rerum nemo. Et earum reprehenderit explicabo.'),
(4,	'paul.david@blot.com',	'[\"ROLE_ARTIST\"]',	'$2y$13$6M3bVDVn8BPs09HDqQyRh.wJYFxB1zVlzawxVDnwa3pUMr2cyGoNy',	'Leleu',	'Édouard',	'yboucher',	'https://picsum.photos/id/35/50/50',	'edouard-leleu',	'1994-11-13',	'Unde dolor facilis magni. Maxime itaque corrupti voluptas consequuntur. Atque consectetur sint corporis enim. A quas iusto eius explicabo quos quae quas nobis.'),
(5,	'diane12@bousquet.net',	'[\"ROLE_ARTIST\"]',	'$2y$13$6M3bVDVn8BPs09HDqQyRh.wJYFxB1zVlzawxVDnwa3pUMr2cyGoNy',	'Maury',	'Capucine',	'michaud.nicolas',	'https://picsum.photos/id/34/50/50',	'capucine-maury',	'1973-08-13',	'Non impedit saepe eius animi dolorem neque ut veniam. Aut voluptates eius dicta quidem nobis. Eius eum id autem dolorem expedita magnam similique. Accusamus vero qui repellat mollitia. Voluptas tenetur qui earum quia voluptatibus necessitatibus.'),
(6,	'martinez.alexandrie@live.com',	'[\"ROLE_ARTIST\"]',	'$2y$13$6M3bVDVn8BPs09HDqQyRh.wJYFxB1zVlzawxVDnwa3pUMr2cyGoNy',	'Delmas',	'Audrey',	'luce.hebert',	'https://picsum.photos/id/2/50/50',	'audrey-delmas',	'1970-09-16',	'Laudantium tempore deleniti rerum sed magnam. Dolores cupiditate quidem animi ullam. Doloremque voluptatem laboriosam vel consequatur.'),
(7,	'girard.louis@orange.fr',	'[\"ROLE_ARTIST\"]',	'$2y$13$6M3bVDVn8BPs09HDqQyRh.wJYFxB1zVlzawxVDnwa3pUMr2cyGoNy',	'Techer',	'Benoît',	'charlotte05',	'https://picsum.photos/id/43/50/50',	'benoit-techer',	'1991-02-12',	'Omnis autem sequi nesciunt harum odit. Aspernatur officiis ipsa id aut fugiat praesentium aut. Nihil placeat omnis minus qui et consequatur et. Beatae fugit qui enim harum fugit aperiam ut.'),
(8,	'astrid.weber@dbmail.com',	'[\"ROLE_ARTIST\"]',	'$2y$13$6M3bVDVn8BPs09HDqQyRh.wJYFxB1zVlzawxVDnwa3pUMr2cyGoNy',	'Hamel',	'Éric',	'bazin.margot',	'https://picsum.photos/id/6/50/50',	'eric-hamel',	'1939-09-20',	'Consequatur molestiae rerum iure recusandae. Non quis est vel est autem voluptatem. Nisi tempore quasi quo laborum et eaque nobis.'),
(9,	'rossi.maurice@georges.com',	'[\"ROLE_ARTIST\"]',	'$2y$13$6M3bVDVn8BPs09HDqQyRh.wJYFxB1zVlzawxVDnwa3pUMr2cyGoNy',	'Michaud',	'Gilbert',	'rodrigues.margot',	'https://picsum.photos/id/2/50/50',	'gilbert-michaud',	'1956-04-21',	'Voluptas accusantium quo tenetur. Fugit accusantium at pariatur quia dicta aut. Alias cupiditate ullam sint.');

-- 2023-04-20 13:28:29