-- Adminer 4.7.6 MySQL dump

SET NAMES utf8;
SET time_zone = '+00:00';
SET foreign_key_checks = 0;
SET sql_mode = 'NO_AUTO_VALUE_ON_ZERO';

SET NAMES utf8mb4;

DROP TABLE IF EXISTS `artwork`;
CREATE TABLE `artwork` (
  `id` int(11) NOT NULL AUTO_INCREMENT,
  `title` varchar(255) COLLATE utf8mb4_unicode_ci NOT NULL,
  `description` longtext COLLATE utf8mb4_unicode_ci DEFAULT NULL,
  `picture` varchar(255) COLLATE utf8mb4_unicode_ci NOT NULL,
  `slug` varchar(255) COLLATE utf8mb4_unicode_ci DEFAULT NULL,
  `status` tinyint(1) DEFAULT NULL,
  `exhibition_id` int(11) NOT NULL,
  PRIMARY KEY (`id`),
  KEY `IDX_881FC5762A7D4494` (`exhibition_id`),
  CONSTRAINT `FK_881FC5762A7D4494` FOREIGN KEY (`exhibition_id`) REFERENCES `exhibition` (`id`)
) ENGINE=InnoDB AUTO_INCREMENT=185 DEFAULT CHARSET=utf8mb4 COLLATE=utf8mb4_unicode_ci;

TRUNCATE `artwork`;
INSERT INTO `artwork` (`id`, `title`, `description`, `picture`, `slug`, `status`, `exhibition_id`) VALUES
(1,	'La ville sous lumières',	'Les étincelles sont floues et créent des formes organiques, comme des courbes et des cercles, qui se mélangent et se superposent. L\'ensemble de l\'image est dynamique et énergique, créant une atmosphère de feu et de passion.',	'https://cdn.pixabay.com/photo/2014/02/14/08/27/sparks-265850_640.jpg',	'la-ville-sous-lumieres',	1,	9),
(2,	'L\'étrangeté de la vie marine',	'Illustration d\'une méduse flottant dans l\'eau, créant une sensation de légèreté, de douceur, de calme et de tranquillité',	'https://cdn.pixabay.com/photo/2022/02/08/13/41/jellyfish-7001410_640.jpg',	'l-etrangete-de-la-vie-marine',	1,	2),
(3,	'L\'expression libre',	'Composition abstraite et géométrique, avec des formes et des couleurs vives qui se superposent et se chevauchent. Les couleurs vives et la composition dynamique attirent l\'œil et créent une sensation d\'énergie et de mouvement.',	'https://cdn.pixabay.com/photo/2014/12/15/16/46/graffiti-569265_640.jpg',	'l-expression-libre',	1,	7),
(4,	'La symphonie végétale et nuit étoilée',	'La composition est équilibrée et harmonieuse, avec des feuilles qui se chevauchent et se fondent les unes dans les autres. Les feuilles ont des formes organiques et sont disposées de manière dynamique, créant une sensation de mouvement et de vie.',	'https://cdn.pixabay.com/photo/2021/06/01/07/02/plants-6300778_640.jpg',	'la-symphonie-vegetale-et-nuit-etoilee',	1,	9),
(5,	'L\'harmonie du fantastique',	'Création d\'un coin paisible en pleine campagne où animaux, volatiles et humains vivent en harmonie. Le tableau est composé de manière équilibré.',	'https://cdn.pixabay.com/photo/2020/01/06/10/01/illustration-4745025_640.png',	'l-harmonie-du-fantastique',	1,	5),
(6,	'La paix de la végétation',	'L\'oeuvre représente une scène de nature paisible. Un homme face à cette immensité qu\'est la nature. L\'ensemble créé une atmosphère relaxante et harmonieuse, évoquant la tranquillité et la beauté de la nature.',	'https://cdn.pixabay.com/photo/2021/09/07/16/31/nature-6604374_640.jpg',	'la-paix-de-la-vegetation',	1,	9),
(7,	'L\'exploration de l\'abstrait',	'Des coups de pinceau audacieux et une utilisation généreuse de la couleur. Les formes géométriques et organiques se mélangent pour créer une composition dynamique et équilibrée.',	'https://cdn.pixabay.com/photo/2018/02/01/12/01/art-3123127_640.jpg',	'l-exploration-de-l-abstrait',	1,	7),
(8,	'La danse des nuances',	'Peinture abstraite avec des formes géométriques, des lignes et des couleurs vives et contrastées. Les formes sont disposées de manière asymétrique, créant une composition dynamique. Les lignes droites et courbes créent un mouvement dans l\'image, tandis que les couleurs intenses attirent le regard.',	'https://cdn.pixabay.com/photo/2016/08/24/12/02/abstract-1616833_640.jpg',	'la-danse-des-nuances',	1,	1),
(9,	'Fleur et aquarelle',	'Fleurs dans des tons de violet et de rose avec des touches de blanc et de jaune. Les formes florales sont stylisées et évoquent une sensation de mouvement et de légèreté. La composition est équilibrée, avec des éléments disposés autour d\'un point central.',	'https://cdn.pixabay.com/photo/2021/10/29/15/05/floral-6752135_640.jpg',	'fleur-et-aquarelle',	1,	9),
(10,	'Regard persan',	'La beauté du regard et de la femme sont mis en avant, des traits fins et épurés viennent longer les courbes du visage de cette femme au roux étincelant.',	'https://cdn.pixabay.com/photo/2023/03/01/01/51/phone-wallpaper-7822073_640.jpg',	'regard-persan',	1,	6),
(11,	'Harmonie des couleurs',	'Des branches d\'arbres et des feuilles vertes et colorées. La peinture a un point de vue rapproché, ce qui crée une sensation d\'intimité avec la nature. La lumière du soleil brille à travers les feuilles et ajoute une atmosphère chaleureuse et vibrante à l\'oeuvre.',	'https://cdn.pixabay.com/photo/2022/03/10/11/05/nature-7059645_640.jpg',	'harmonie-des-couleurs',	1,	10),
(12,	'Le regard de la nature',	'Le cerf, vu de profil avec ses grands bois bien visibles, tandis qu\'il regarde en direction du visiteur avec ferveur. L\'arrière-plan flou met l\'accent sur le cerf et crée un effet de profondeur. L\'aura majestueux de cette animal englobe l\'oeuvre.',	'https://cdn.pixabay.com/photo/2018/03/30/15/11/deer-3275594_640.jpg',	'le-regard-de-la-nature',	1,	6),
(13,	'Un aide innatendue',	'Une main inconnue vient en aide à une autre. Les fins traits qui dessinent les mains sont témoins d\'une douceur entre les deux inconnus. La tendresse de l\'humanité envers chacun.',	'https://cdn.pixabay.com/photo/2022/09/08/18/27/holiday-7441659_640.jpg',	'un-aide-innatendue',	1,	9),
(14,	'Noirceur lunaire',	'La fleur en floraison aux pétales noires, accueille en son cœur une lune rayonnant de mille feux. Cette lumière englobe l\'oeuvre et nous permet de distinguer les détails de cette oeuvre.',	'https://cdn.pixabay.com/photo/2020/12/14/15/50/flower-5831274_640.jpg',	'noirceur-lunaire',	1,	6),
(15,	'Chute libre',	'L\'oeuvre présente des gros coups de pinceau francs et distincts. Les bavures inspirent un sentiment de flou. Un homme tombant en chute libre, des couleurs vives sont utilisés pour le mettre en avant.',	'https://cdn.pixabay.com/photo/2020/01/28/08/37/watercolour-4799196_640.jpg',	'chute-libre',	1,	8),
(16,	'Une symphonie de feuilles',	'Les feuilles,disposées de manière à créer une texture et une profondeur dans l\'image permettent une mise en abîme.',	'https://cdn.pixabay.com/photo/2023/01/07/08/41/leaves-7702829_640.jpg',	'une-symphonie-de-feuilles',	1,	6),
(17,	'Le refuge de l\'esprit',	'Le bâtiment est entouré d\'une végétation dense et verdoyante, avec des arbres et des buissons qui encadrent la vue. Les couleurs principales de l\'image sont des tons de vert et de beige, qui créent une ambiance calme et paisible. Une sensation de sérénité et de spiritualité se dégage de cette oeuvre.',	'https://cdn.pixabay.com/photo/2021/09/03/00/51/temple-6594770_640.jpg',	'le-refuge-de-l-esprit',	1,	8),
(18,	'La toile en mouvement',	'La composition semble évoquer une sensation de mouvement, de flux et de rythme, comme si les formes étaient en constante évolution. Cette image peut être interprétée de différentes manières, selon les perceptions et les émotions de chacun.',	'https://cdn.pixabay.com/photo/2021/10/12/17/41/abstract-6704211_640.jpg',	'la-toile-en-mouvement',	1,	6),
(19,	'La vie de la rue',	'Une rue dans une ville, vivante, à l\'arrière d\'une boutique menant vers les collines. Cette oeuvre peut évoquer une sensation de mouvement et d\'effervescence, en reflétant la sérénité et l\'énergie de la vie urbaine.',	'https://cdn.pixabay.com/photo/2018/10/26/02/40/street-3773790_640.jpg',	'la-vie-de-la-rue',	1,	5),
(20,	'L\'essence de la vie',	'Une déesse portant la lune, signe de puissance en pleine nuit. Cette oeuvre peut évoquer une ambiance de puissance, de grâce et de sérénité, en reflétant les qualités symboliques d\'une déesse.',	'https://cdn.pixabay.com/photo/2020/06/21/17/04/goddess-5325880_640.jpg',	'l-essence-de-la-vie',	1,	7),
(21,	'Groove en vinyle',	'L\'oeuvre représente un disque vinyle sur une platine. En arrière-plan, on peut voir une pièce décorée avec des affiches et des photos encadrées au mur. Cette image peut évoquer une ambiance de nostalgie et de passion pour la musique, ainsi qu\'une appréciation pour l\'art de la musique sur support analogique.',	'https://cdn.pixabay.com/photo/2021/09/13/23/10/vinyl-6622596_640.jpg',	'groove-en-vinyle',	1,	4),
(22,	'Pause café',	'L\'image montre une tasse de café chaude posée sur une nappe à carreaux. La tasse a une belle couleur brune et laisse échapper une vapeur chaude qui monte dans l\'air. La scène évoque une ambiance chaleureuse et paisible, où l\'on peut profiter d\'un bon livre et d\'une boisson chaude confortablement installé chez soi.',	'https://cdn.pixabay.com/photo/2023/02/16/18/36/coffee-7794531_640.jpg',	'pause-cafe',	1,	1),
(23,	'Le bal des citrouilles',	'La citrouille géante, cachée par le manoir et éclairée par le clair de lune, annonce une ambiance qui donne la chair de poule. Globalement, l\'image représente bien l\'esprit d\'Halloween et peut inspirer une ambiance festive et effrayante pour les fêtes d\'Halloween.',	'https://cdn.pixabay.com/photo/2021/01/01/21/31/halloween-5880068_640.jpg',	'le-bal-des-citrouilles',	1,	2),
(24,	'Cosmos coloré',	'L\'oeuvre possède une texture abstraite et colorée. Les couleurs sont vives et lumineuses, allant du jaune au violet en passant par le rose et l\'orange. Dans l\'ensemble, cette image peut être utilisée comme un moyen énergique et dynamique pour donner du peps..',	'https://cdn.pixabay.com/photo/2017/09/05/23/03/background-2719584_640.jpg',	'cosmos-colore',	1,	7),
(25,	'La liberté à deux roues',	'Cette œuvre est une peinture qui montre un vélo placé sur un fond beige clair, qui donne l\'impression d\'être une surface texturée avec des motifs. Les eclaboussures qui colorent le vélo donne un effet de contraste. L\'œuvre est simple et épurée, mais captivante dans sa composition et son utilisation de couleurs vives.',	'https://cdn.pixabay.com/photo/2017/06/18/16/28/bicycle-2416321_640.jpg',	'la-liberte-a-deux-roues',	1,	8),
(26,	'Nature morte aux fruits et à la carafe',	'Cette oeuvre représente une nature morte composée de plusieurs objets posés sur une table en bois. On peut y voir une carafe d\'eau et une variété de fruit. La lumière semble provenir d\'une fenêtre à gauche de l\'image, créant des ombres nettes sur la table. Les couleurs sont chaudes et harmonieuses, avec des tons de brun, de beige et de rouge.',	'https://cdn.pixabay.com/photo/2014/12/09/21/01/still-life-562357_640.jpg',	'nature-morte-aux-fruits-et-a-la-carafe',	1,	3),
(27,	'Le silence des bancs',	'Cette peinture représente une chemin bordé de bancs publics en bois, sous un ciel ensoleillé. L\'ensemble dégage une atmosphère paisible et invite à la détente et au repos.',	'https://cdn.pixabay.com/photo/2020/01/04/05/12/benches-4739790_1280.jpg',	'le-silence-des-bancs',	1,	5),
(28,	'Brutalité du chaos',	'Cette image est une illustration abstraite avec des formes dans différentes teintes de gris et de noir. Les formes ont des bords irréguliers et se chevauchent les unes les autres pour créer un effet de profondeur. L\'ensemble de l\'image a un aspect négligé mais à la fois travaillé.',	'https://cdn.pixabay.com/photo/2017/09/22/14/53/background-2775834_640.jpg',	'brutalite-du-chaos',	1,	3),
(29,	'Cascade enchantée',	'Cette oeuvre présente un paysage lunaire avec une grande lune en arrière-plan et des cascades en premier plan, sous un ciel étoilé. Les couleurs principales sont des tons de gris, blancs et noirs, créant une atmosphère mystérieuse et sombre.',	'https://cdn.pixabay.com/photo/2022/08/04/09/29/moonscape-7364262_640.jpg',	'cascade-enchantee',	1,	2),
(30,	'Tribu, chef et couleurs',	'Portrait d\'un chef d’une tribu ancienne en Amérique centrale. Les couleurs utilisés sont un mélange de rouge, jaune et marron ce qui amène une ambiance chaleureuse.',	'https://cdn.pixabay.com/photo/2015/11/04/21/33/painting-1023398_640.jpg',	'tribu-chef-et-couleurs',	1,	10),
(31,	'Nuancier sombre',	'Nuancier de bleu, une ambiance qui s\'assombrit au fur et à mesure que l\'on regarde l\'oeuvre.',	'https://cdn.pixabay.com/photo/2022/09/21/17/02/blue-background-7470781_640.jpg',	'nuancier-sombre',	1,	6),
(32,	'Promenade automnale',	'Peinture représentant une allée bordée d\'arbres aux feuilles orangées, signe que l\'automne est arrivé. Les couleurs orangés apportent un sentiment de réconfort.',	'https://cdn.pixabay.com/photo/2019/12/31/14/42/autumn-walk-4732034_640.jpg',	'promenade-automnale',	1,	10),
(33,	'La beauté intemporelle',	'Cette image montre le portrait d\'une femme avec un chapeau. Elle semble contempler son ombre. Une introspection indirecte.',	'https://cdn.pixabay.com/photo/2020/12/27/14/37/woman-5864279_640.jpg',	'la-beaute-intemporelle',	1,	5),
(34,	'La grâce de la femme',	'Cette image est le portrait d\'une femme. Elle semble avoir la vingtaine. Elle a le visage caché par un bouquet de fleurs. L\'éclairage est doux et naturel.',	'https://cdn.pixabay.com/photo/2021/05/04/20/57/woman-6229693_640.jpg',	'la-grace-de-la-femme',	1,	4),
(35,	'Eclats d\'aquarelle',	'Il s\'agit d\'une aquarelle colorée avec un dégradé de tons bleus, verts, roses et orange, représentant un paysage abstrait avec des collines et des arbres. Les coups de pinceau sont lâches et fluides, créant une impression de mouvement et de spontanéité.',	'https://cdn.pixabay.com/photo/2017/07/05/08/13/watercolor-2473755_640.jpg',	'eclats-d-aquarelle',	1,	7),
(36,	'L\'arrivée du printemps',	'Il s\'agit d\'une image colorée avec plusieurs arbres sur fond de ciel bleu vif, situé dans un champ herbeux avec une clôture en arrière-plan. L\'ambiance générale de l\'image est joyeuse et pleine d\'espoir, évoquant le printemps et les nouveaux départs.',	'https://cdn.pixabay.com/photo/2020/01/09/11/10/is-it-spring-time-4752484_640.jpg',	'l-arrivee-du-printemps',	1,	8),
(37,	'Les couleurs à portée de main',	'Cette image montre un assortiment de crayons colorés, rangés les uns à côté des autres. Les couleurs sont vives et variées, allant du rouge vif au bleu ciel, en passant par le vert foncé et le jaune vif. La pointe des crayons est nette et prête à être utilisée pour dessiner ou colorier. L\'image évoque la créativité, l\'imagination et la spontanéité.',	'https://cdn.pixabay.com/photo/2021/03/16/11/31/crayons-6099514_640.jpg',	'les-couleurs-a-portee-de-main',	1,	3),
(38,	'Esquisse d\'une montagne',	'Une esquisse de montagne, un ciel bleu et une inspiration asiatique. Une ambiance apaisante et relaxante se dégage de ce dessin.',	'https://cdn.pixabay.com/photo/2021/10/31/10/23/nature-6756974_640.png',	'esquisse-d-une-montagne',	1,	4),
(39,	'L\'arc-en-ciel abstrait',	'Les couleurs se fondent les unes dans les autres dans un gradient lisse, chaque couleur passant à la suivante de manière transparente. L\'image a une qualité rêveuse et éthérée, avec des lignes douces et vaporeuses qui créent un sentiment de mouvement et de flux. C\'est une image visuellement frappante et envoûtante.',	'https://cdn.pixabay.com/photo/2022/06/09/06/32/abstract-rainbow-7251810_640.jpg',	'l-arc-en-ciel-abstrait',	1,	8),
(40,	'La danse des couleurs',	'Le mélange des couleurs qui s’emmêlent et s\'entre-choquent, ce qui créé une explosivité des couleurs. L’ambiance est chaleureuse et intense.',	'https://cdn.pixabay.com/photo/2019/08/17/16/11/art-4412523_640.jpg',	'la-danse-des-couleurs',	1,	5),
(41,	'La personnalité révélée',	'Le portrait de cette femme reflète sa personnalité. Les couleurs sont sombres et neutres afin de laisser le visiteur se concentrer sur l\'émotion que transmet la femme.',	'https://cdn.pixabay.com/photo/2020/01/31/17/51/woman-4808609_640.jpg',	'la-personnalite-revelee',	1,	9),
(42,	'Le monde de la lumière',	'Découverte d\'un petit coin de paradis. Les couleurs dominantes sont sombres mais quelques points de lumières contre balancent cet aspect. Les coups de pinceaux sont précis et minutieux. Un sentiment d\'espoir et de joie se dégage de cette peinture.',	'https://cdn.pixabay.com/photo/2013/02/19/18/12/william-hodges-83440_640.jpg',	'le-monde-de-la-lumiere',	1,	10),
(43,	'Bouquet en éclat',	'Il s\'agit d\'une belle image d\'une peinture abstraite avec des coups de pinceau colorés et une variété de textures. Les couleurs vibrantes et les lignes audacieuses donnent à la peinture une sensation dynamique et énergique.  Dans l\'ensemble, c\'est une pièce d\'art saisissante qui pourrait être interprétée de différentes façons selon la perspective et l\'imagination du spectateur.',	'https://cdn.pixabay.com/photo/2018/02/02/16/41/art-3125816_640.jpg',	'bouquet-en-eclat',	1,	7),
(44,	'La magie du moulin',	'La peinture représente un paysage typique des Pays-Bas, avec des champs de verdure, un petit cours d\'eau, un pont et des maisons au loin. L\'utilisation de couleurs chaudes et douces donne à la peinture une ambiance calme et paisible. Dans l\'ensemble, cette peinture capture bien l\'essence du paysage hollandais.',	'https://cdn.pixabay.com/photo/2013/02/24/18/34/willem-roelofs-85802_640.jpg',	'la-magie-du-moulin',	1,	7),
(45,	'Évasion sur l\'océan',	'Il s\'agit d\'une peinture de fond colorée avec des formes géométriques et des motifs abstraits. Les couleurs vives et contrastées se mélangent pour créer une composition dynamique et énergique.  Les motifs abstraits ajoutent une texture et une complexité supplémentaires à la peinture, ce qui la rend intéressante à regarder de plus près.',	'https://cdn.pixabay.com/photo/2021/08/18/19/26/background-6556413_640.jpg',	'evasion-sur-l-ocean',	1,	9),
(46,	'Aube florale',	'Il s\'agit d\'un tableau de composition florale. Les détails fins dans la peinture, tels que les pétales et les feuilles, ajoutent de la texture et de la complexité à la composition. Cette peinture capture bien la beauté naturelle des fleurs.',	'https://cdn.pixabay.com/photo/2016/11/07/13/06/painting-1805785_640.jpg',	'aube-florale',	1,	2),
(47,	'La majesté de la nature',	'La peinture représente un pur-sang blanc apeuré par le lion tapi dans l\'ombre.L\'utilisation de la lumière et de l\'ombre crée également une impression de mouvement et de force dans la composition. La peinture est très réaliste.',	'https://cdn.pixabay.com/photo/2013/03/09/19/14/george-stubbs-91985_640.jpg',	'la-majeste-de-la-nature',	1,	10),
(48,	'La symphonie des formes',	'Il s\'agit d\'une peinture en noir et blanc d\'une femme en train de regarder vers le haut. Les contrastes de la photographie sont forts, avec des ombres profondes sur le visage de la femme, créant une atmosphère dramatique. Le cadrage serré met l\'accent sur le visage de la femme et la position de son regard vers le haut ajoute un élément de mystère et d\'intrigue à l\'image.',	'https://cdn.pixabay.com/photo/2016/12/17/16/16/woman-1913737_640.jpg',	'la-symphonie-des-formes',	1,	6),
(49,	'La gestuelle de la couleur',	'Cette peinture abstraite, avec une grande dominance de bleu avec quelques pointes de vert mélangé à du jaune. Les traits sont forts et épais. Les détails ajoutent de la texture et de la complexité à l\'oeuvre.',	'https://cdn.pixabay.com/photo/2018/02/06/22/43/painting-3135875_640.jpg',	'la-gestuelle-de-la-couleur',	1,	1),
(50,	'Tâches colorées',	'Il s\'agit d\'une image de fond abstraite, principalement composée de formes non-géométriques. Les formes se superposent et se chevauchent pour créer une composition complexe. Globalement, c\'est une image abstraite dynamique qui attire l\'attention et peut être interprétée de différentes manières en fonction des perspectives et des préférences esthétiques de chacun.',	'https://cdn.pixabay.com/photo/2017/07/28/14/10/background-2548758_640.jpg',	'taches-colorees',	1,	9),
(51,	'Réflexion au bord d\'un quai',	'Il s\'agit d\'une photographie de sculptures abstraites en métal, prise en gros plan. La surface de la sculpture est légèrement texturée, avec des nuances de couleur métallique. Le contraste avec l\'être humain est mis en avant avec la présence d\'un homme auprès des sculptures.',	'https://cdn.pixabay.com/photo/2020/07/13/15/26/sculpture-5401108_640.jpg',	'reflexion-au-bord-d-un-quai',	1,	1),
(52,	'Expression artistique',	'Il s\'agit d\'une photographie de danseurs exécutant une danse de salon ou une danse de couple. Les danseurs sont habillés de manière élégante. La photographie capture un moment dynamique de la danse, avec les danseurs en train de pivoter et de se déplacer en harmonie les uns avec les autres.',	'https://cdn.pixabay.com/photo/2020/06/20/16/32/dance-5321562_640.jpg',	'expression-artistique',	1,	1),
(53,	'Douceur éphémère',	'La peinture représente une plante de sauge vue de près. La plante de sauge est composée de feuilles vertes allongées avec une texture rugueuse et des bords légèrement dentelés. Les feuilles sont disposées en spirale autour de la tige centrale de la plante, qui est également visible dans l\'oeuvre.',	'https://cdn.pixabay.com/photo/2022/05/11/22/17/sage-7190317_640.jpg',	'douceur-ephemere',	1,	6),
(54,	'Illusion psychotrope',	'Il s\'agit d\'une peinture abstraite avec un mélange de couleurs. La photographie montre un mélange de couleurs vives et saturées, allant du bleu, du vert et du violet, au rose, à l\'orange et au jaune. Les couleurs se fondent les unes dans les autres, créant des textures et des motifs fascinants. La surface de la peinture semble être texturée, avec des coups de pinceau et des marques visibles dans les différentes zones de couleur.',	'https://cdn.pixabay.com/photo/2018/03/24/08/56/colorful-3256055_640.jpg',	'illusion-psychotrope',	1,	1),
(55,	'Oeil aguérri',	'Il s\'agit d\'un dessin d\'un œil humain vu de très près. L\'image montre en détail les différentes parties de l\'œil, notamment l\'iris, la pupille et la cornée. On peut voir les détails de la texture de l\'iris. La pupille apparaît comme un petit trou noir au centre de l\'œil, entouré par l\'iris. Les cils apportent une touche de détail supplémentaire. Cette oeuvre capture la complexité et la beauté de l\'œil humain.',	'https://cdn.pixabay.com/photo/2019/09/05/05/28/eye-4453129_640.jpg',	'oeil-aguerri',	1,	6),
(56,	'Naviguer vers l\'horizon',	'L’oeuvre montre un magnifique couché de soleil avec un pont en arrière-plan. Les couleurs chaudes sont réconfortantes et apaisent le spectateur. Le voilier au premier plan amène le voyage au centre de l\'oeuvre.',	'https://cdn.pixabay.com/photo/2019/08/03/04/43/mountain-4381041_640.png',	'naviguer-vers-l-horizon',	1,	6),
(57,	'Amour infini',	'Il s\'agit d\'une image d\'une peinture à l\'aquarelle. La peinture présente des couleurs vives et lumineuses. Les couleurs sont appliquées avec des traits libres et fluides, créant des paysages, des arbres et des fleurs. La peinture est caractérisée par des textures douces et fluides. L\'ensemble de l\'image est très coloré et joyeux, avec ce couple de personnes âgées au centre, invitant le spectateur à s\'immerger dans un monde de douceur.',	'https://cdn.pixabay.com/photo/2020/01/25/02/11/watercolour-4791614_640.jpg',	'amour-infini',	1,	1),
(58,	'Courbes sensuelles',	'Le dessin montre une femme de dos avec de fins traits. Les courbes sont finement dessinées et amène à s\'imaginer le reste des courbes de cette femme. Un fond rose attendri la scène et donne la pointe d\'élégance et de raffinement de cette oeuvre.',	'https://cdn.pixabay.com/photo/2021/02/19/11/49/elegant-6029946_640.jpg',	'courbes-sensuelles',	1,	4),
(59,	'Chaos contrôlé',	'L\'image est une peinture de plusieurs couleurs avec des nuances allant du rouge, orange, jaune, vert, bleu, violet et marron. Les couleurs sont disposés de manière à ce qu\'elles se mélangent et se superposent, créant une belle harmonie visuelle. L\'image pourrait être utilisée pour représenter le monde artistique et créatif, la peinture, la couleur et l\'expression de soi à travers l\'art.',	'https://cdn.pixabay.com/photo/2018/03/03/07/34/color-3195081_640.jpg',	'chaos-controle',	1,	7),
(60,	'Moulins fluviales',	'La peinture montrent un paysage typique hollandais avec les moulins au bord du fleuve. Le couché de soleil réchauffe l\'atmosphère humide présente auprès d\'un fleuve. On distingue la technique de la peinture à l\'huile grâce aux petits résidus de peinture. C\'est un paysage apaisant.',	'https://cdn.pixabay.com/photo/2019/09/30/19/55/architecture-4516666_640.jpg',	'moulins-fluviales',	1,	1),
(61,	'Naissance d\'une empreinte',	'Cette image représente une empreinte que l\'on distingue dans un sable grisâtre. Une jeune pousse se trouve au centre de l\'empreinte de pas. La couleur bleu de l\'empreinte évoque un pied gelé. Les couleurs neutres évoquent un sentiment de tranquillité et de repos.',	'https://cdn.pixabay.com/photo/2021/03/14/11/15/footprints-6093999_640.jpg',	'naissance-d-une-empreinte',	1,	4),
(62,	'Au-delà de l\'horizon',	'Cette image représente un bateau amarré à un quai dans un port. Le bateau est un petit bateau de pêche traditionnel en bois avec une coque blanche et des détails en bois foncé. Le port est calme et paisible, avec des bateaux amarrés le long du quai. L\'eau est calme et reflète le ciel bleu et les nuages blancs. Cette image évoque une ambiance de tranquillité et de détente, évoquant le sentiment d\'être loin de la ville et de profiter de la nature.',	'https://cdn.pixabay.com/photo/2018/11/11/00/17/boat-3807786_640.jpg',	'au-dela-de-l-horizon',	1,	7),
(63,	'Humanité déguisée',	'Ce montage photographique représente un chien habillé. A travers cette photo on humanise l\'animal en l\'habillant avec une casquette plate, un blouson en cuir et d\'une pipe. Le visage de chien parait triste. Cette photo peut être perçue comme une représentation de la proximité entre l\'homme et l\'animal.',	'https://cdn.pixabay.com/photo/2016/10/04/01/26/dog-1713341_640.jpg',	'humanite-deguisee',	1,	8),
(64,	'Sérénité forestière',	'La peinture est riche en couleurs vives et audacieuses, avec des coups de pinceau visibles et des motifs abstraits. Les formes et les couleurs semblent se fondre les unes dans les autres, créant une ambiance de mouvement et de dynamisme. La peinture peut être perçue comme une célébration de la beauté de la nature et de l\'expression artistique individuelle.',	'https://cdn.pixabay.com/photo/2016/06/01/00/40/post-impressionist-1428128_640.jpg',	'serenite-forestiere',	1,	1),
(65,	'L\'envolée de la beauté',	'Cette photographie représente une femme recouverte d\'un voile surmonté de plusieurs papillons. Les couleurs de la photo sont vives et dynamiques, ce qui ajoute une ambiance de positivité et d\'optimisme. La femme semble être une personne confiante. Cette photo peut être perçue comme une représentation de l\'assurance de soi, de la beauté naturelle et de la joie de vivre.',	'https://cdn.pixabay.com/photo/2021/08/31/11/58/woman-6588614_640.jpg',	'l-envolee-de-la-beaute',	1,	4),
(66,	'Jardin de l\'esprit',	'Cette image représente un champ de fleurs printanières colorées. On peut voir des fleurs jaunes, roses et violettes, parmi d\'autres couleurs. Les fleurs sont en pleine floraison, avec des pétales délicats et une tige verte. Cette image peut être perçue comme une représentation de la beauté et de la fraîcheur de la nature printanière, ainsi que de la renaissance et du renouveau après l\'hiver. Elle peut également évoquer un sentiment de joie et d\'optimisme pour l\'avenir.',	'https://cdn.pixabay.com/photo/2013/05/11/20/44/spring-flowers-110671_640.jpg',	'jardin-de-l-esprit',	1,	9),
(67,	'Énergie colorée',	'Cette peinture utilises des couleurs vives, audacieuses et contrastées, qui peuvent créer une ambiance de mouvement, d\'énergie et d\'expression. Elles sont utilisées pour créer une variété d\'effets et d\'émotions, allant du calme et de la sérénité aux sensations vibrantes et électriques.',	'https://cdn.pixabay.com/photo/2021/02/02/15/12/pictures-5974333_640.jpg',	'energie-coloree',	1,	9),
(68,	'Deux lunes',	'Cette peinture abstraite se reflète de part et d\'autre de l\'oeuvre. Le résultat d\'une réflexion parfaite. Les couleurs neutres sont un mélange de blanc, de beige et de marron. Ces couleurs créent une ambiance de calme, de sérénité et de simplicité, en reflétant une esthétique minimaliste et épurée. C\'est une représentation artistique subtile et élégante.',	'https://cdn.pixabay.com/photo/2021/05/30/19/52/abstract-rainbow-6296890_1280.jpg',	'deux-lunes',	1,	4),
(69,	'Lit crème',	'Il s\'agit d\'une texture abstraite de couleur crème avec des formes organiques et ondulées. Les contours sont flous et la texture semble presque liquide ou ondulante. La fluidité de cette oeuvre entraîne un sentiment de légèreté.',	'https://cdn.pixabay.com/photo/2022/10/11/21/58/texture-7515225_640.jpg',	'lit-creme',	1,	9),
(70,	'Aurores boréales cotières',	'Cette image est une photographie d\'un phare situé sur une falaise rocheuse, au bord de la mer. Il est entouré de verdure et de rochers. Le ciel est dégagé avec des couleurs pastel, créant une atmosphère paisible mais dramatique. Les aurores boréales et la lune y ajoutent une ambiance mystérieuse.',	'https://cdn.pixabay.com/photo/2023/04/16/19/46/lighthouse-7931051_640.jpg',	'aurores-boreales-cotieres',	1,	7),
(71,	'Prières et silence',	'Cette image est une photographie d\'une statue de Bouddha assis en méditation, entouré d\'une atmosphère paisible et sereine. La statue semble être en métal lourd et est de couleur dorée. Bouddha est représenté avec les yeux fermés, les jambes croisées et les mains posées sur ses genoux.',	'https://cdn.pixabay.com/photo/2020/04/23/14/00/buddha-5082641_640.jpg',	'prieres-et-silence',	1,	5),
(72,	'Les couleurs de l\'eau',	'Cette image est une texture abstraite de couleur bleue et verte en relief qui créent un effet de profondeur et de mouvement. Les formes sont disposées de manière aléatoire et ont des bords irréguliers, donnant une impression de spontanéité et de fluidité. La texture semble rappeler la surface d\'un océan agité ou d\'une rivière en mouvement. L\'ensemble crée une atmosphère dynamique et moderne.',	'https://cdn.pixabay.com/photo/2017/08/22/10/35/background-2668435_640.jpg',	'les-couleurs-de-l-eau',	1,	7),
(73,	'Réflexion nuageuse',	'Un homme se tient assis dans un champs, contemplant un nuage flottant dans un ciel bleu. Il est en suspension dans l\'air, donnant une impression de légèreté et de mouvement. L\'ensemble crée une ambiance apaisante et contemplative, invitant le spectateur à se plonger dans une réflexion introspective.',	'https://cdn.pixabay.com/photo/2020/12/14/15/44/man-5831234_640.jpg',	'reflexion-nuageuse',	1,	8),
(74,	'Explosion de lumières colorées',	'Cette peinture est une texture abstraite avec un dégradé de couleurs allant du jaune au rouge, créant une ambiance vibrante et colorée. La texture est irrégulière, les bords sont flous et les contours sont flous, donnant une impression de mouvement et de fluidité. Les couleurs vives et la texture dynamique créent une ambiance énergique et moderne.',	'https://cdn.pixabay.com/photo/2017/09/05/22/58/background-2719560_640.jpg',	'explosion-de-lumieres-colorees',	1,	10),
(75,	'La grâce du cheval',	'Cette peinture à l\'huile, représente un cheval majestueux avec sa robe marron. Les prairies en arrière-plan et le ciel couvert sont détaillés. La composition est très détaillée, avec une attention portée aux textures et aux couleurs naturelles, créant un effet de réalisme.',	'https://cdn.pixabay.com/photo/2013/02/19/17/55/james-ward-83418_640.jpg',	'la-grace-du-cheval',	1,	2),
(76,	'Le royaume des arbres',	'C\'est une peinture d\'une forêt dense avec des arbres imposants, des feuilles et des branches qui créent un couvert forestier épais. Les couleurs sont principalement vertes, avec des nuances plus sombres et plus claires. Les rayons du soleil perçant à travers les feuilles créent des taches lumineuses sur le sol, ajoutant de la profondeur et de la texture à l\'image. L\'ensemble de l\'image reflète la beauté et la puissance de la nature, avec un sentiment d\'immersion dans un environnement naturel préservé.',	'https://cdn.pixabay.com/photo/2016/09/27/19/07/forest-1699079_640.jpg',	'le-royaume-des-arbres',	1,	2),
(77,	'Géométrie boisée',	'Cette photographie met en avant la matière boisée. Elle est centrée sur la texture et la forme suggérant une combinaison infinie de possibilité. L\'ensemble de l\'image est sobre et minimaliste, créant une ambiance professionnelle et moderne. Une énergie abstraite et structurée se dégage de cette photographie.',	'https://cdn.pixabay.com/photo/2018/05/21/23/10/steel-3419985_640.jpg',	'geometrie-boisee',	1,	10),
(78,	'Désert montagneux',	'Cette image est une illustration numérique de dunes. Les dunes sont composées de courbes douces et de formes arrondies, créant un effet de mouvement et d\'harmonie. Les tons de chauds sont variés, allant d\'un marron foncé à un jaune clair, créant une impression de profondeur et de texture. L\'ensemble de l\'image évoque une ambiance paisible et chaude.',	'https://cdn.pixabay.com/photo/2022/08/22/05/01/hill-7402780_640.png',	'desert-montagneux',	1,	8),
(79,	'Sagesse',	'Cette photographie d\'un vieil homme situé dans une région désertique, montre la réflexion dans son plus simple appareil. La sagesse dans son regard, nous emporte vers une réflexion intérieure et nous pousse dans nos plus profonds retranchement. L\'atmosphère qui se dégage est apaisante.',	'https://cdn.pixabay.com/photo/2021/11/09/02/29/theater-6780537_640.jpg',	'sagesse',	1,	9),
(80,	'Bourgeon du matin',	'Cette image est une peinture de fleurs colorées. Les fleurs sont placées au centre de l\'image et occupe la majeure partie de l\'espace. Elles sont composées de pétales rose vif et d\'un cœur jaune vif, créant un contraste éclatant. Les détails des pétales et du centre de la fleur sont clairement visibles, donnant une impression de réalisme.',	'https://cdn.pixabay.com/photo/2018/04/25/17/07/flower-3350053_640.jpg',	'bourgeon-du-matin',	1,	8),
(81,	'L\'Italie d\'avant',	'L\'œuvre est constituée de couleurs vives et contrastées, allant du rouge vif au bleu clair et au jaune. Les formes sont abstraites et organiques, créant un effet de mouvement et de fluidité. Les détails de la texture de la peinture sont clairement visibles, donnant une impression de profondeur et de complexité.',	'https://cdn.pixabay.com/photo/2014/05/11/17/28/art-342113_640.jpg',	'l-italie-d-avant',	1,	7),
(82,	'Face à face',	'Cette image est une photographie d\'un portrait en noir et blanc de deux personnes. Les détails du visage sont clairement visibles, y compris les traits du visage, les yeux et les cheveux. L\'expression sur les deux visages est neutre, donnant une impression de calme et de sérénité. La chevelure est remplacée par de simples arbres qui communiquent par le biais des oiseaux. L\'image évoque une ambiance de simplicité et de réalisme, invitant le spectateur à apprécier la beauté de l\'humanité dans sa forme la plus basique.',	'https://cdn.pixabay.com/photo/2018/01/28/13/24/portrait-3113651_640.jpg',	'face-a-face',	1,	2),
(83,	'Mystères nocturnes',	'Cette image numérique illustre un chemin dans les champs durant une pleine lune éclairant la nuit sombre. Cela donne une impression de paix et de solitude. L\'image évoque une ambiance de fascination et de mystère. Elle peut également susciter une réflexion sur notre place dans l\'univers et notre relation avec le cosmos.',	'https://cdn.pixabay.com/photo/2014/07/23/00/56/moon-399834_640.jpg',	'mysteres-nocturnes',	1,	9),
(84,	'Passage boisé',	'Les arbres sont photographiés en gros plan et occupent la majeure partie de l\'image. Ils sont nus et ne possèdent aucune feuille, ce qui leur donne un aspect agressif et effrayant à la fois. . La lumière du soleil filtrée à travers les branches, créant des ombres et des reflets sur les troncs d\'arbres et sur le sol. Elle peut également susciter une réflexion sur le cycle de la vie et la beauté éphémère de la nature.',	'https://cdn.pixabay.com/photo/2018/09/18/21/50/trees-3687364_640.jpg',	'passage-boise',	1,	6),
(85,	'La tête dans les fleurs',	'Cette peinture montre une femme entourée de fleurs. Elle est composée de différentes couleurs qui se fondent les unes dans les autres pour créer un effet de fluidité et de mouvement. Les couleurs utilisées dans la peinture sont principalement des tons pastel, créant une ambiance douce et apaisante. L\'image évoque une ambiance de liberté et d\'expression artistique, invitant le spectateur à se laisser emporter par l\'effet de la peinture.',	'https://cdn.pixabay.com/photo/2015/11/03/10/23/watercolor-1020509_640.jpg',	'la-tete-dans-les-fleurs',	1,	4),
(86,	'Ange tendre',	'Cette image représente une statue d\'ange. L\'ange est représenté assis, bras et mains croisés. La statue est faite de marbre, ce qui donne une impression de solidité et de stabilité. La photographie peut évoquer une ambiance de sérénité et de spiritualité, en invitant le spectateur à contempler l\'ange. Elle peut également susciter une réflexion sur la croyance en l\'existence des anges et leur rôle dans notre vie spirituelle.',	'https://cdn.pixabay.com/photo/2014/08/25/21/49/angel-427478_640.jpg',	'ange-tendre',	1,	3),
(87,	'Les mille pétales',	'Cette peinture représente un bouquet de tournesols. Les traits ne sont pas définis et restent très abstraits, cependant la distinction des formes et des couleurs se fait sans problème. Les tons chauds sont utilisés à bon escient. Les papillons quant à eux sont peints avec précision et délicatesse.',	'https://cdn.pixabay.com/photo/2015/05/13/20/05/backdrop-765917_640.jpg',	'les-mille-petales',	1,	6),
(88,	'Photo d\'antan',	'Cette photographie en noir et blanc, a capturé un moment de la vie quotidienne de cette femme. L\'aspect nostalgique de la photographie peut susciter une réflexion sur l\'évolution du temps et sur les différences entre notre époque et celle qui est représentée dans cette photographie.',	'https://cdn.pixabay.com/photo/2017/12/29/20/20/people-3048577_640.jpg',	'photo-d-antan',	1,	7),
(89,	'Moment d\'égarement',	'Cette peinture à l\'eau montre deux bouteilles de vin accompagnées de deux verres, posés sur une table en bois. La mise en scène de l\'image ainsi que la présence d\'une bouteille de vin suggèrent une ambiance de convivialité et de partage. La peinture peut être interprétée comme une invitation à se détendre et à profiter de l\'instant présent en dégustant un bon vin en compagnie de ses proches. Elle reflète l\'art de la viticulture et l\'importance de la culture du vin dans certaines régions du monde.',	'https://cdn.pixabay.com/photo/2021/01/24/18/31/wine-5946065_640.jpg',	'moment-d-egarement',	1,	4),
(90,	'Immensité observée',	'Cette oeuvre est une photographie d\'une église en pierre située au milieu d\'une vieille ville. L\'architecture imposante de l\'église est en harmonie avec les habitations autour. La photographie peut être interprétée comme une représentation de la symbiose entre la foi et l\'homme, où l\'église se fond dans l\'environnement plutôt que de chercher à le dominer. Elle peut également refléter la paix et la sérénité associées à la religion et à la spiritualité.',	'https://cdn.pixabay.com/photo/2019/07/25/18/58/church-4363258_640.jpg',	'immensite-observee',	1,	5),
(91,	'Nuit dégagée',	'Cette oeuvre est une photographie d\'un caravansérail situé dans un désert aride. Un caravansérail était un lieu de repos pour les caravanes de marchands et les voyageurs qui traversaient des routes commerciales dangereuses, offrant une sécurité pour les personnes et leurs biens. Dans cette photographie, le bâtiment en pierre massive et austère contraste avec le paysage désertique.',	'https://cdn.pixabay.com/photo/2019/09/30/19/20/caravansary-4516601_640.jpg',	'nuit-degagee',	1,	2),
(92,	'Naissance de la création',	'Cette peinture représente un papillon aux couleurs rosés. Elle met en évidence les détails complexes et fascinants de la structure de l\'insecte, y compris ses ailes translucides, son corps velu et ses antennes délicates. Elle peut être interprétée comme une célébration de la beauté et de la diversité de la nature, ainsi que de l\'importance de prendre le temps de regarder de plus près les choses qui nous entourent pour en apprécier toute la richesse.',	'https://cdn.pixabay.com/photo/2019/09/24/06/10/insect-4500348_640.jpg',	'naissance-de-la-creation',	1,	3),
(93,	'Lumière intérieure',	'A travers cette peinture, on peut distinguer la forme d\'un chat. En son centre, une lumière jaune étincelante illumine l’intérieur du chat. Ceci représente la flamme de vie d\'un chat. La peinture capture la nature curieuse du chat, et ne manquera pas de faire fondre le cœur des amoureux des chats.',	'https://cdn.pixabay.com/photo/2021/03/31/03/12/cat-6138366_640.jpg',	'lumiere-interieure',	1,	4),
(94,	'Dans sa bulle',	'Il s\'agit d\'un dessin d\'une fille avec un grand bocal en verre transparent posé sur sa tête, couvrant complètement sa tête. Le bocal est rempli d\'eau et des bulles d\'air sont visibles à l\'intérieur. La fille regarde vers l\'avant avec un regard calme et contemplatif. La photographie semble être une représentation de la façon dont les gens peuvent se sentir pris au piège dans leur propre monde, isolés de leur environnement.',	'https://cdn.pixabay.com/photo/2022/06/05/13/44/girl-7244099_640.jpg',	'dans-sa-bulle',	1,	5),
(95,	'Traits d\'humanité',	'Il s\'agit d\'un dessin numérique d\'une femme qui est de côté et regarde droit devant elle. Elle a de longs cheveux bruns ondulés. L\'arrière-plan est flou, ce qui fait de la femme le point central de l\'image. Elle semble poser pour un portrait ou une prise de tête.',	'https://cdn.pixabay.com/photo/2021/10/16/13/32/woman-6715054_640.jpg',	'traits-d-humanite',	1,	8),
(96,	'Fleurs de la passion',	'C\'est un magnifique dessin en gros plan de fleurs d\'hibiscus roses. Les fleurs sont en pleine floraison et leurs délicats pétales roses forment un cercle parfait autour du pistil et de l\'étamine. Les pétales sont légèrement ébouriffés sur les bords, ce qui donne aux fleurs un aspect doux et féminin. La photo capture la beauté complexe de la nature et représente merveilleusement l\'élégance et la grâce de la fleur d\'hibiscus.',	'https://cdn.pixabay.com/photo/2022/05/11/22/17/pink-hibiscus-7190314_640.jpg',	'fleurs-de-la-passion',	1,	9),
(97,	'Rivage enragé',	'Il s\'agit d\'une peinture d\'une belle vue sur l\'océan. L\'image montre un ciel bleu clair avec quelques nuages épars, et l\'océan s\'étend jusqu\'à l\'horizon. L\'eau semble agitée, avec de légères ondulations, et quelques bateaux et navires sont visibles au loin. Le rivage présente des rochers et des coquillages.',	'https://cdn.pixabay.com/photo/2019/12/30/10/36/sea-4729356_640.jpg',	'rivage-enrage',	1,	9),
(98,	'Déception et attente',	'Cette peinture aquarelle montre une jeune femme de dos assise sur une balançoire tenant une bouquet de fleurs. La colorisation de l\'image n\'est ni nette ni précise ce qui donne un aspect flou à la peinture. Une ambiance mystérieuse règne afin de savoir qui peut être cette jeune femme.',	'https://cdn.pixabay.com/photo/2017/04/19/16/45/girl-2242858_640.jpg',	'deception-et-attente',	1,	8),
(99,	'Petit coin de tranquillité',	'Cette photographie représente une petite maison confortable entourée d\'arbres et de verdure. La maison a un toit de chaume et un extérieur en bois, avec une petite cheminée sur le côté. Une clôture en bois entoure la propriété, avec un petit portail menant à l\'entrée. La maison est située dans un cadre paisible et tranquille. L\'image transmet un sentiment de calme, de sérénité et de féerie.',	'https://cdn.pixabay.com/photo/2022/07/31/15/33/cottage-7356147_640.jpg',	'petit-coin-de-tranquillite',	1,	3),
(100,	'Expression corporelle',	'Une œuvre représentant une danseuse espagnole vêtue d\'une robe longue et élégante, accompagnée d\'une fleur dans ses cheveux, effectuant une pose gracieuse et dynamique. La robe est rouge et noir et \r\n est ornée de volants. La femme dégage une grande puissance à travers son regard.',	'https://cdn.pixabay.com/photo/2019/02/15/14/33/woman-3998571_640.jpg',	'expression-corporelle',	1,	2),
(101,	'Vibrations célestes',	'Ut nesciunt accusamus ut et doloribus quae aliquam. Quasi et quos rerum rerum fuga consequatur. Vitae assumenda consequatur et temporibus quisquam quibusdam ipsam. Sint perspiciatis vero aliquam quis. Odio voluptatem aperiam tenetur.',	'https://cdn.pixabay.com/photo/2019/04/26/17/47/color-4158152_640.jpg',	'vibrations-celestes',	1,	9),
(102,	'Repos imaginaire',	'Repellendus harum quia debitis dolores repellendus autem. Deleniti veritatis sint dolore tempora. Laboriosam quae tenetur eos debitis accusamus excepturi.',	'https://cdn.pixabay.com/photo/2016/04/23/01/33/sculpture-1346988_640.jpg',	'repos-imaginaire',	1,	5),
(103,	'Fusion de teintes',	'Sunt excepturi aliquid maiores. Ipsa quia aut reiciendis culpa rerum. Sapiente officiis aut sit quidem iure aut.',	'https://cdn.pixabay.com/photo/2017/07/05/19/21/art-2475718_640.jpg',	'fusion-de-teintes',	1,	6),
(104,	'Immobile dans l\'éternité',	'Nostrum veritatis sapiente minus adipisci. Sunt architecto laborum sed quo. Minima maiores ut molestias maiores et eligendi odit.',	'https://cdn.pixabay.com/photo/2016/03/23/19/37/statue-1275469_640.jpg',	'immobile-dans-l-eternite',	1,	2),
(105,	'Palais secret',	'Qui qui distinctio repellat modi. Aut eius error sed non repellendus.',	'https://cdn.pixabay.com/photo/2016/11/18/17/07/ancient-1835865_640.jpg',	'palais-secret',	1,	2),
(106,	'Ruelle colorée',	'Atque commodi ab ab harum suscipit. Est dolores porro vero assumenda ut. Necessitatibus placeat nesciunt blanditiis temporibus enim dolorem.',	'https://cdn.pixabay.com/photo/2016/02/27/21/01/ancient-1226277_640.jpg',	'ruelle-coloree',	1,	2),
(107,	'Clair de lune',	'Eaque aut sint natus dolor. Necessitatibus nam voluptatibus voluptate ipsum pariatur quas.',	'https://cdn.pixabay.com/photo/2022/11/01/08/43/mountains-7561636_640.png',	'clair-de-lune',	1,	10),
(108,	'Explosion de couleurs',	'Suscipit qui minus qui nemo. Fuga quis voluptas porro ducimus. Provident eos inventore quae tempore repellendus odit.',	'https://cdn.pixabay.com/photo/2022/01/11/02/53/painting-6929616_640.jpg',	'explosion-de-couleurs',	1,	5),
(109,	'Réflexion interne',	'Eveniet enim reprehenderit mollitia nulla sunt ad temporibus. Soluta rerum quibusdam ut sit rem. Rerum incidunt adipisci qui dignissimos. Debitis sunt aut asperiores excepturi commodi.',	'https://cdn.pixabay.com/photo/2021/02/20/07/25/woman-6032512_640.jpg',	'reflexion-interne',	1,	4),
(110,	'Décomposition florale',	'Iste aut atque omnis laboriosam odit. Et tenetur saepe accusamus. Sapiente voluptas quam hic odit velit. Dignissimos quibusdam non non autem facilis aspernatur ullam.',	'https://cdn.pixabay.com/photo/2023/02/13/07/24/succulents-7786637_640.jpg',	'decomposition-florale',	1,	2),
(111,	'Décadence colorée',	'Enim laborum omnis et. Et amet culpa corrupti quisquam distinctio est nam.',	'https://cdn.pixabay.com/photo/2011/06/29/15/27/wood-8196_640.jpg',	'decadence-coloree',	1,	1),
(112,	'Protection lunaire',	'Facere harum rerum quos pariatur. Necessitatibus numquam mollitia quo placeat voluptatem necessitatibus dolorem. Sunt qui omnis quo asperiores.',	'https://cdn.pixabay.com/photo/2020/11/29/04/02/hand-5786371_640.jpg',	'protection-lunaire',	1,	2),
(113,	'Les couleurs de l\'âme',	'Optio accusamus aut officiis dolor quisquam. Ut debitis hic quis sed dignissimos. Architecto vel et quia.',	'https://cdn.pixabay.com/photo/2017/08/30/12/45/girl-2696947_1280.jpg',	'les-couleurs-de-l-ame',	1,	8),
(114,	'La beauté de l\'inerte',	'Rem rem nulla quae laudantium illum. Dolore quas nemo et aspernatur. Alias dolorem vel tempora laborum enim.',	'https://cdn.pixabay.com/photo/2018/07/06/13/30/statue-3520416_640.jpg',	'la-beaute-de-l-inerte',	1,	8),
(115,	'Pluie torrentielle',	'Omnis unde consequatur corporis. Ut rerum iusto omnis fuga accusamus. Et debitis aperiam omnis quibusdam laudantium.',	'https://cdn.pixabay.com/photo/2021/06/22/14/55/girl-6356393_640.jpg',	'pluie-torrentielle',	1,	1),
(116,	'Couché d\'un soleil orangé',	'Totam aliquid esse sint. Magnam vero tempore et eligendi perspiciatis temporibus. Id dolores sunt beatae dignissimos occaecati.',	'https://cdn.pixabay.com/photo/2021/09/25/12/52/boho-art-6654957_640.jpg',	'couche-d-un-soleil-orange',	1,	2),
(117,	'Résonance florale',	'Quia voluptatem ullam quis in. Consequatur illo ipsa necessitatibus cupiditate. Dolores temporibus voluptatibus neque et eum porro aperiam. Nam quo velit modi doloribus ea.',	'https://cdn.pixabay.com/photo/2022/06/28/12/28/boho-art-7289600_640.jpg',	'resonance-florale',	1,	9),
(118,	'Harmonie chromatique',	'Sed nihil odit sed. Itaque quaerat provident deserunt corporis. Animi et quos autem nihil. Iste quia libero enim hic.',	'https://cdn.pixabay.com/photo/2017/07/03/20/17/colorful-2468874_640.jpg',	'harmonie-chromatique',	1,	5),
(119,	'Industrie black&white',	'Deserunt dolor qui nemo sed. Labore quidem similique repellendus assumenda atque esse. Quas ut id qui quia id ad.',	'https://cdn.pixabay.com/photo/2018/06/21/11/19/architecture-3488306_640.jpg',	'industrie-black-white',	1,	2),
(120,	'Mouvements voilés',	'Dicta autem at dignissimos nulla expedita iusto eos. Esse iure ullam nihil ipsa omnis nobis dignissimos. Aspernatur labore odit doloremque suscipit est ullam.',	'https://cdn.pixabay.com/photo/2022/03/30/13/16/betta-7101167_640.jpg',	'mouvements-voiles',	1,	5),
(121,	'La liberté du large',	'Itaque rerum rerum laudantium tempora quis et. Eveniet aliquam ea rem sunt perferendis ut. Quos nobis sequi commodi rerum amet voluptatem blanditiis excepturi.',	'https://cdn.pixabay.com/photo/2015/03/05/01/46/sailing-ship-659758_640.jpg',	'la-liberte-du-large',	1,	4),
(122,	'Regard profond',	'Neque voluptatem molestias at fugit ut voluptatem aut. Qui cumque sit velit culpa. Ea ad vel illum molestiae voluptas quidem.',	'https://cdn.pixabay.com/photo/2020/02/04/21/37/watercolour-4819414_640.jpg',	'regard-profond',	1,	10),
(123,	'Bouquet en éclat',	'Sunt sed et ut ipsa quis distinctio aliquam voluptatum. Accusamus dolorem dolor aut est. Sed exercitationem est consequatur rerum. Consequatur et illum porro.',	'https://cdn.pixabay.com/photo/2012/03/02/14/53/flowers-21337_640.jpg',	'bouquet-en-eclat',	1,	2),
(124,	'Point de lumière',	'Repudiandae maxime consequatur reprehenderit voluptates natus pariatur quam itaque. Dicta aut illo qui. Maxime est fugit esse voluptatem repudiandae expedita vero. Voluptatum ut et accusamus qui ut.',	'https://cdn.pixabay.com/photo/2019/03/25/20/17/kaohsiung-4081256_640.jpg',	'point-de-lumiere',	1,	5),
(125,	'Nuit voyageuse',	'Provident deleniti perspiciatis tempore eos nam odio. Nulla possimus laudantium accusamus quidem. Iure omnis natus sint facere. Et commodi ipsa maxime aliquam est sint.',	'https://cdn.pixabay.com/photo/2021/04/29/05/04/desert-6215516_640.jpg',	'nuit-voyageuse',	1,	8),
(126,	'Lune et soleil',	'Rerum omnis aut quia ipsa aut et ratione ut. Nam expedita odit ullam ut voluptas eaque. Voluptas labore eaque sed quo iste enim maxime. Voluptas nobis minima ut non nam autem.',	'https://cdn.pixabay.com/photo/2023/03/18/19/46/botany-7861255_640.jpg',	'lune-et-soleil',	1,	4),
(127,	'Convergence dynamique',	'Laborum autem nemo quaerat quis ratione ut. Similique cum enim sit. Esse unde voluptas beatae possimus in est vel et.',	'https://cdn.pixabay.com/photo/2017/09/12/22/06/background-2743842_640.jpg',	'convergence-dynamique',	1,	2),
(128,	'Vitrail de l\'esprit',	'Autem quo velit est sequi quo totam laboriosam. Temporibus sunt architecto voluptatum et sapiente ratione velit. Laboriosam qui et illo voluptatem. Occaecati esse porro corporis eligendi consequatur tempore facilis. Vero sapiente est velit tempore maiores sit alias.',	'https://cdn.pixabay.com/photo/2016/11/20/21/57/church-window-1843900_640.jpg',	'vitrail-de-l-esprit',	1,	9),
(129,	'Océan coloré',	'Corporis quibusdam rerum eos rerum rerum. A sed ut et et omnis quis voluptatem quo.',	'https://cdn.pixabay.com/photo/2017/07/31/19/36/wall-2560330_640.jpg',	'ocean-colore',	1,	1),
(130,	'Soleil levant',	'Repudiandae quia aut corrupti sequi omnis. Corporis fugiat mollitia dolorem omnis dolorum. Veniam quidem velit voluptatem sed et.',	'https://cdn.pixabay.com/photo/2022/12/30/17/32/boho-art-7687374_640.jpg',	'soleil-levant',	1,	8),
(131,	'Paisibilité et croyance',	'Tempore amet ipsa occaecati et dolores dolor qui ut. Nesciunt et aut et non esse aut. Laudantium et vero doloremque nam qui quod rerum. Sint at nihil dolor eos debitis a ut nobis.',	'https://cdn.pixabay.com/photo/2019/03/18/18/41/church-4063765_640.jpg',	'paisibilite-et-croyance',	1,	10),
(132,	'Visage caché',	'Aut rerum aut mollitia natus. In inventore et accusantium magnam. Ipsam consequatur molestias magni dolor. Nulla eos qui nemo ut.',	'https://cdn.pixabay.com/photo/2017/04/02/16/58/woman-2196323_640.jpg',	'visage-cache',	1,	9),
(133,	'Jardin d\'Adam',	'Quasi dolorum beatae maxime ut. Esse voluptas vero adipisci cumque vel eum. Voluptatem dolores et qui est est hic illum. Quo praesentium quis earum ipsa maiores omnis itaque.',	'https://cdn.pixabay.com/photo/2016/07/17/19/10/background-1524540_640.jpg',	'jardin-d-adam',	1,	6),
(134,	'Le pouvoir du regard',	'Voluptatibus et cumque delectus quasi natus in. Rerum aut et eaque aut. Enim autem voluptatem ut praesentium. Dolorem necessitatibus tempore eos. Dignissimos vero error sed qui suscipit.',	'https://cdn.pixabay.com/photo/2015/05/03/14/40/woman-751235_640.jpg',	'le-pouvoir-du-regard',	1,	8),
(135,	'L\'univers de Coca Cola',	'Possimus non accusamus numquam quia. Omnis natus recusandae iusto voluptatem explicabo consequatur nisi iure. Minima natus sunt nesciunt et. Pariatur aspernatur id inventore culpa atque. Possimus molestiae ab sed veritatis.',	'https://cdn.pixabay.com/photo/2015/04/23/22/58/coca-cola-736967_640.jpg',	'l-univers-de-coca-cola',	1,	8),
(136,	'Pont de la liberté',	'Velit voluptas molestias sunt voluptatibus ratione optio. Consequatur molestiae est dolores laboriosam sed. Eos voluptate incidunt enim quaerat nam.',	'https://cdn.pixabay.com/photo/2020/01/30/09/30/watercolour-4804832_640.jpg',	'pont-de-la-liberte',	1,	10),
(137,	'Liberté',	'Porro rerum sint perferendis. Quia sed voluptatem eaque quibusdam. Velit ad eligendi esse quis. Atque deleniti illum aspernatur occaecati est.',	'https://cdn.pixabay.com/photo/2017/06/14/06/51/angel-2401263_640.jpg',	'liberte',	1,	3),
(138,	'Couleurs de l\'esprit',	'Saepe harum exercitationem qui magni dicta fuga ut. Fugit et voluptates ullam autem ut. Eaque qui sapiente consequatur aut. Dolorem voluptatem unde vitae totam.',	'https://cdn.pixabay.com/photo/2017/06/03/20/12/art-2369664_640.jpg',	'couleurs-de-l-esprit',	1,	6),
(139,	'Vitesse et liberté',	'Voluptatibus nobis non aut quas reiciendis repellat. Earum est ipsam omnis quisquam eum. Sit officiis voluptatem assumenda consequatur quia.',	'https://cdn.pixabay.com/photo/2017/12/28/16/18/bicycle-3045580_640.jpg',	'vitesse-et-liberte',	1,	1),
(140,	'En équilibre',	'Blanditiis magnam omnis cumque cumque iusto consequatur. Accusantium quia tempore non illo sed quisquam quia. Omnis reiciendis harum quam sit. Voluptas quae quo dolor beatae et. Provident molestiae consequatur aut facere vero in sed aut.',	'https://cdn.pixabay.com/photo/2017/04/04/08/55/art-2200740_640.jpg',	'en-equilibre',	1,	2),
(141,	'Élégance et pureté',	'Autem est dolorem sint et. Voluptatibus nam at consequatur dolorem.',	'https://cdn.pixabay.com/photo/2013/03/02/22/21/edward-hughes-89416_640.jpg',	'elegance-et-purete',	1,	4),
(142,	'Reflet de l\'âme',	'Voluptate illum recusandae ducimus rerum nulla sint. Accusamus eligendi quos commodi aperiam veniam atque incidunt. Magni a natus sed consequatur a enim.',	'https://cdn.pixabay.com/photo/2021/04/26/01/39/trees-6207925_640.jpg',	'reflet-de-l-ame',	1,	4),
(143,	'Échos de lumière',	'Rerum molestias enim consequatur quia ut reiciendis maiores iusto. Et quia sit praesentium veniam tenetur voluptatem. Error sit quidem quas voluptatem fugiat qui doloremque. Incidunt at eligendi est numquam.',	'https://cdn.pixabay.com/photo/2016/11/12/20/00/under-water-1819586_640.jpg',	'echos-de-lumiere',	1,	9),
(144,	'Formes fluides',	'Voluptas eligendi est exercitationem unde assumenda quibusdam. Similique laboriosam et reiciendis nisi. Est adipisci labore aut eos quos commodi non. Consectetur dignissimos voluptatem voluptatem occaecati facilis sunt deleniti.',	'https://cdn.pixabay.com/photo/2022/07/17/11/59/amber-7327252_640.jpg',	'formes-fluides',	1,	5),
(145,	'Fleurs de la passion',	'Repellendus adipisci ut accusantium mollitia et fuga. Est rerum ex molestias autem. Et enim ut aut ex facilis unde. Rem earum cum sit beatae aperiam.',	'https://cdn.pixabay.com/photo/2022/05/11/22/17/flowers-7190313_640.jpg',	'fleurs-de-la-passion',	1,	5),
(146,	'Fleurs hérantes',	'Ex doloribus sit non id ad. Consequuntur et autem excepturi sint fugiat est. Qui tempore et voluptatibus sint eius distinctio hic repellendus.',	'https://cdn.pixabay.com/photo/2022/09/27/04/15/roses-7481991_640.jpg',	'fleurs-herantes',	1,	10),
(147,	'Horizons infinis',	'Saepe et molestiae unde hic minus consequuntur harum. Odit magnam sed numquam numquam qui sunt. Ipsum similique soluta explicabo autem et. Aliquam sequi voluptatem in et.',	'https://cdn.pixabay.com/photo/2022/08/13/05/59/impressionism-7382949_640.jpg',	'horizons-infinis',	1,	10),
(148,	'Éclaboussures de mercure',	'Voluptas adipisci cumque ea est. Sapiente aut maiores laborum quis unde ex beatae. Perspiciatis molestiae molestiae doloremque quasi amet voluptatem. Mollitia et fugit qui odio repudiandae.',	'https://cdn.pixabay.com/photo/2020/05/17/20/34/concept-5183469_640.jpg',	'eclaboussures-de-mercure',	1,	1),
(149,	'Promenade sur le bord du lac',	'Placeat est id vitae est. Voluptate aut nisi quod exercitationem harum. Magni tempora velit sit sit iure. Aut autem ut qui ea non.',	'https://cdn.pixabay.com/photo/2013/02/13/16/53/robert-padley-81327_640.jpg',	'promenade-sur-le-bord-du-lac',	1,	8),
(150,	'La fleur d\'ivresse',	'Fleurs violettes en pleine floraison',	'https://cdn.pixabay.com/photo/2017/09/04/22/40/flowers-2715804_640.jpg',	'la-fleur-d-ivresse',	1,	7);

DROP TABLE IF EXISTS `exhibition`;
CREATE TABLE `exhibition` (
  `id` int(11) NOT NULL AUTO_INCREMENT,
  `title` varchar(255) COLLATE utf8mb4_unicode_ci NOT NULL,
  `slug` varchar(255) COLLATE utf8mb4_unicode_ci DEFAULT NULL,
  `start_date` date DEFAULT NULL,
  `end_date` date DEFAULT NULL,
  `status` tinyint(1) DEFAULT NULL,
  `artist_id` int(11) NOT NULL,
  `description` longtext COLLATE utf8mb4_unicode_ci DEFAULT NULL,
  PRIMARY KEY (`id`),
  KEY `IDX_B8353389B7970CF8` (`artist_id`),
  CONSTRAINT `FK_B8353389B7970CF8` FOREIGN KEY (`artist_id`) REFERENCES `user` (`id`)
) ENGINE=InnoDB AUTO_INCREMENT=40 DEFAULT CHARSET=utf8mb4 COLLATE=utf8mb4_unicode_ci;

TRUNCATE `exhibition`;
INSERT INTO `exhibition` (`id`, `title`, `slug`, `start_date`, `end_date`, `status`, `artist_id`, `description`) VALUES
(1,	'Renaissance naturelle',	'renaissance-naturelle',	'2023-04-20',	'2023-08-20',	1,	3,	'Cette exposition est une célébration de la nature et de son renouveau. Les œuvres présentées dans cette exposition cherchent à explorer la relation entre l\'homme et la nature et comment cette relation peut être renouvelée pour créer un avenir plus durable. Les visiteurs sont invités à contempler les différentes manières dont l\'artiste explore la relation entre l\'homme et la nature, et comment cette relation peut être renouvelée pour créer un avenir plus durable.'),
(2,	'Dans l\'univers d\'Aurélien Baquet',	'dans-l-univers-d-aurelien-baquet',	'2023-04-20',	'2023-08-20',	1,	3,	'L\'exposition présente une collection de photographies, de peintures, de dessins du monde entier qui explorent la beauté et la complexité de la nature. A travers son exposition Aurélien Baquet veut nous transmettre son amour de la nature et le respect qu\'il a pour elle. Voyager à travers cette exposition immersive'),
(3,	'Exploration de l\'âme',	'exploration-de-l-ame',	'2023-04-20',	'2023-08-20',	1,	6,	'C\'est  une exploration des profondeurs de l\'âme humaine à travers l\'art. Les œuvres d\'art présentées dans cette exposition cherchent à transmettre les émotions les plus profondes et les pensées les plus intimes en utilisant une variété de médias artistiques. Des œuvres d\'art émouvantes et introspective vous y attendent. C\'est une célébration de la richesse et de la complexité de l\'âme humaine..'),
(4,	'Infinie créativité',	'infinie-creativite',	'2023-04-20',	'2023-08-20',	1,	5,	'C\'est une célébration de la capacité infinie de l\'être humain à créer. Les œuvres présentées dans cette exposition cherchent à explorer les différentes manières dont l\'artiste peut exprimer sa créativité à travers une variété de médias artistiques. Les visiteurs sont invités à contempler les différentes manières dont l\'artiste explorent les thèmes de l\'originalité, de l\'ingéniosité et de la créativité infinie à travers l\'art.'),
(5,	'Chaos et beauté',	'chaos-et-beaute',	'2023-04-20',	'2023-08-20',	1,	7,	'C\'est une exploration des contradictions apparentes entre l\'ordre et le désordre, la beauté et la laideur, la lumière et l\'obscurité. Les œuvres d\'art présentées dans cette exposition cherchent à évoquer ces concepts complexes, souvent opposés, en créant des compositions saisissantes et des ambiances émotionnelles intenses. Vous serez immédiatement enveloppés par des œuvres d\'art chaotiques et complexes'),
(6,	'Harmonie des couleurs',	'harmonie-des-couleurs',	'2023-04-20',	'2023-08-20',	1,	4,	'Véritable célébration des couleurs et de leur pouvoir de créer des émotions et des atmosphères. Les œuvres présentées dans cette exposition cherchent à explorer les possibilités infinies offertes par la combinaison de couleurs. Des peintures et des dessins qui explorent les différentes combinaisons de couleurs primaires pour créer des palettes vibrantes et audacieuse.  Les visiteurs sont invités à contempler les différentes manières dont l\'artiste explore les thèmes de l\'harmonie, de la luminosité et de la subtilité des couleurs à travers l\'art.s.'),
(7,	'Fragments de mémoire',	'fragements-de-memoire',	'2023-04-20',	'2023-08-20',	1,	4,	'L\'exposition est une exploration de la mémoire humaine à travers l\'art. Les œuvres présentées cherchent à capturer des souvenirs et des expériences passées en utilisant une variété de médias artistiques. C\'est une célébration de la richesse et de la complexité de la mémoire humaine. Les visiteurs sont invités à contempler les différentes manières dont l\'artiste explore les thèmes de la nostalgie, de la mémoire collective et de la transformation de la mémoire à travers l\'art.'),
(8,	'Art de la lumière',	'art-de-la-lumiere',	'2023-04-20',	'2023-08-20',	1,	5,	'C\'est une célébration de la façon dont l\'artiste utilise la lumière pour créer des œuvres d\'art captivantes. L\'exposition présente une variété d\'œuvres d\'art qui utilisent la lumière de différentes manières pour créer des effets visuels intéressants et des émotions. Les effets futuristes sont incroyables. L\'expérimentation de la lumière est au cœur de cette exposition aussi unique qu\'innovante'),
(9,	'Inspiration cosmique',	'inspiration-cosmique',	'2023-04-20',	'2023-08-20',	1,	6,	'L\'artiste nous amène vers une célébration de l\'Univers et de son influence sur l\'imagination et la créativité humaines. Les œuvres présentées dans cette exposition cherchent à explorer les idées de l\'espace, de l\'astrophysique et de l\'exploration spatiale. Les œuvres célèbrent la beauté de l\'espace et de l\'Univers. Les visiteurs sont invités à contempler les différentes manières dont les artistes explorent les thèmes de l\'espace, de l\'astrophysique et de l\'exploration spatiale à travers l\'art.'),
(10,	'Dialogues silencieux',	'dialogues-silencieux',	'2023-04-20',	'2023-08-20',	1,	5,	'C\'est une exploration de la communication non verbale et des expressions visuelles qui transcendent les mots. Les œuvres d\'art présentées dans cette exposition cherchent à transmettre des émotions, des idées et des réflexions en utilisant des formes, des couleurs, des textures et des mouvements. Vous serez accueillis par des œuvres d\'art silencieuses mais puissantes.'),
(19,	'Pour toi',	'pour-toi',	'2023-04-20',	'2023-08-20',	1,	3,	'Ode à Mathieu'),
(20,	'Pim Pam Poum',	'pim-pam-poum',	'2023-04-20',	'2023-08-20',	1,	3,	'c\'est l\'effet papillon..'),
(21,	'Salut les backeux',	'salut-les-backeux',	'2023-03-20',	'2023-08-20',	0,	3,	'Le Lorem Ipsum est simplement du faux texte employé dans la composition et la mise en page avant impression. Le Lorem Ipsum est le faux texte standard de l\'imprimerie depuis les années 1500, quand un imprimeur anonyme assembla ensemble des morceaux de texte pour réaliser un livre spécimen de polices de texte. Il n\'a pas fait que survivre cinq siècles, mais s\'est aussi adapté à la bureautique informatique, sans que son contenu n\'en soit modifié'),
(23,	'cochon pendu',	'cochon-pendu',	'2023-03-21',	'2023-08-21',	0,	3,	'c\'est une longue histoire...'),
(24,	'il parait que',	'il-parait-que',	'2023-04-24',	'2023-08-24',	1,	3,	'c\'est bien ce que je pensais'),
(35,	'test',	'test',	'2023-04-27',	'2023-08-27',	1,	37,	'ceci est un test'),
(36,	'expo test',	'expo-test',	'2023-04-27',	'2023-08-27',	0,	3,	'test expo'),
(38,	'test',	'test',	'2023-04-27',	'2023-08-27',	0,	8,	NULL),
(39,	'My expo',	'my-expo',	'2023-03-28',	'2023-08-28',	0,	39,	'qdzqdqzd');

DROP TABLE IF EXISTS `user`;
CREATE TABLE `user` (
  `id` int(11) NOT NULL AUTO_INCREMENT,
  `email` varchar(180) COLLATE utf8mb4_unicode_ci NOT NULL,
  `roles` longtext COLLATE utf8mb4_unicode_ci NOT NULL COMMENT '(DC2Type:json)',
  `password` varchar(255) COLLATE utf8mb4_unicode_ci NOT NULL,
  `lastname` varchar(50) COLLATE utf8mb4_unicode_ci NOT NULL,
  `firstname` varchar(50) COLLATE utf8mb4_unicode_ci NOT NULL,
  `nickname` varchar(255) COLLATE utf8mb4_unicode_ci DEFAULT 'NULL',
  `avatar` varchar(255) COLLATE utf8mb4_unicode_ci DEFAULT 'NULL',
  `slug` varchar(255) COLLATE utf8mb4_unicode_ci DEFAULT NULL,
  `date_of_birth` date DEFAULT NULL,
  `presentation` varchar(800) COLLATE utf8mb4_unicode_ci DEFAULT 'NULL',
  PRIMARY KEY (`id`),
  UNIQUE KEY `UNIQ_8D93D649E7927C74` (`email`)
) ENGINE=InnoDB AUTO_INCREMENT=42 DEFAULT CHARSET=utf8mb4 COLLATE=utf8mb4_unicode_ci;

TRUNCATE `user`;
INSERT INTO `user` (`id`, `email`, `roles`, `password`, `lastname`, `firstname`, `nickname`, `avatar`, `slug`, `date_of_birth`, `presentation`) VALUES
(1,	'admin@admin.com',	'[\"ROLE_ADMIN\"]',	'$2y$13$Heiyu4ZaStCK6qQEzmE0Ru7LA.y7ToKGIVHK6Xbpw8ga8JnEUWPM2',	'Mallet',	'Colette',	NULL,	NULL,	NULL,	NULL,	NULL),
(2,	'moderator@moderator.com',	'[\"ROLE_MODERATOR\"]',	'$2y$13$Heiyu4ZaStCK6qQEzmE0Ru7LA.y7ToKGIVHK6Xbpw8ga8JnEUWPM2',	'Renault',	'William',	NULL,	NULL,	'william-renault',	NULL,	NULL),
(3,	'gilles@chevalier.com',	'[\"ROLE_ARTIST\"]',	'$2y$13$PN1tzLobcJrDcx6aw3quhepTKlKBUNOPcVLJcIHQmn4sk1ZgARE9K',	'Petit',	'Gilles',	'Gillou',	'https://cdn.pixabay.com/photo/2016/12/07/21/01/cartoon-1890438_640.jpg',	'gillou',	'1990-11-20',	'Je suis un artiste contemporain français dont le travail se concentre sur l\'exploration de la relation entre l\'art et la vie. Je suis connu pour mes peintures et mes sculptures qui reflètent une esthétique minimaliste et conceptuelle, ainsi que pour mes installations immersives qui invitent le spectateur à interagir avec l\'œuvre'),
(4,	'paul.david@blot.com',	'[\"ROLE_ARTIST\"]',	'$2y$13$6M3bVDVn8BPs09HDqQyRh.wJYFxB1zVlzawxVDnwa3pUMr2cyGoNy',	'David',	'Paul',	'paulDav',	'https://cdn.pixabay.com/photo/2017/03/17/22/23/comedian-2152801_640.jpg',	'pauldav',	'1994-11-13',	'Je suis un artiste contemporain qui travaille principalement avec des techniques mixtes pour créer des œuvres d\'art originales et dynamiques. Né en France, j\'ai grandi dans une famille d\'artistes et ai commencé à m\'intéresser à l\'art dès mon plus jeune âge.'),
(5,	'diane12@bousquet.com',	'[\"ROLE_ARTIST\"]',	'$2y$13$6M3bVDVn8BPs09HDqQyRh.wJYFxB1zVlzawxVDnwa3pUMr2cyGoNy',	'Maury',	'Diane',	'maury-diane',	'https://cdn.pixabay.com/photo/2022/12/28/01/47/book-cover-7682044_640.jpg',	'maury-diane',	'1973-08-13',	'Artiste passionnée par la peinture et la sculpture. Je suis née dans une famille d\'artistes et a été encouragée dès mon plus jeune âge à développer mes talents artistiques.\r\nJe me suis spécialisée dans l\'utilisation de la couleur et de la lumière pour créer des œuvres d\'art qui célèbrent la beauté de la nature et de la vie. Mes peintures sont souvent abstraites et géométriques, avec des motifs de couleurs vives qui se chevauchent et se fondent pour créer une sensation de mouvement et d\'harmonie.'),
(6,	'martinez.alexandrie@live.com',	'[\"ROLE_ARTIST\"]',	'$2y$13$6M3bVDVn8BPs09HDqQyRh.wJYFxB1zVlzawxVDnwa3pUMr2cyGoNy',	'Martinez',	'Alexandrie',	'martal',	'https://cdn.pixabay.com/photo/2016/08/31/02/10/girl-1632515_640.jpg',	'martal',	'1970-09-16',	'Je suis une artiste contemporaine talentueuse et polyvalente, originaire de France. Je suis connue pour mon style unique et expressif, ainsi que pour ma capacité à utiliser une variété de médiums pour créer des œuvres d\'art qui capturent l\'imagination. Née dans une famille d\'artistes, j\'ai commencé à dessiner dès mon plus jeune âge et ai rapidement découvert ma passion pour l\'art.'),
(7,	'girard.louis@orange.fr',	'[\"ROLE_ARTIST\"]',	'$2y$13$6M3bVDVn8BPs09HDqQyRh.wJYFxB1zVlzawxVDnwa3pUMr2cyGoNy',	'Girard',	'Louis',	'gerard86',	'https://cdn.pixabay.com/photo/2022/08/02/01/33/man-7359262_640.jpg',	'gerard86',	'1991-02-12',	'Gérard est un artiste libre, indépendant et non-conformiste, qui vit et travaille en France. Il est connu pour son style unique et son approche non-conventionnelle de l\'art.\r\n\r\nJ\'ai commencé à expérimenter avec l\'art dès mon plus jeune âge, et ma passion pour la création m\'a conduit à explorer une variété de médiums, tels que la peinture, la sculpture et la photographie. Au fil du temps, j\'ai développé mon propre style distinctif, qui se caractérise par des couleurs vives, des formes abstraites et des textures riches.Mon art est souvent inspiré par la nature, les émotions humaines et la condition humaine en général.'),
(8,	'seb@gmail.com',	'[\"ROLE_ARTIST\"]',	'$2y$13$6M3bVDVn8BPs09HDqQyRh.wJYFxB1zVlzawxVDnwa3pUMr2cyGoNy',	'Lemaitre',	'Sébastien',	NULL,	'https://picsum.photos/id/26/50/50',	'sebastien-lemaitre',	NULL,	'je suis laurent, coucou c\'est moi laurent j\'adore la psicine et la plage. Mon plat préféré c\'est les grenouilles miaaaaaaaaaammmmmmmm'),
(9,	'rossi.maurice@gmail.com',	'[\"ROLE_ARTIST\"]',	'$2y$13$6M3bVDVn8BPs09HDqQyRh.wJYFxB1zVlzawxVDnwa3pUMr2cyGoNy',	'Rossi',	'Maurice',	'morossi',	'https://cdn.pixabay.com/photo/2021/01/21/16/44/model-5937809_640.jpg',	'morossi',	'1956-04-21',	'Je suis un artiste dévoué et passionné qui travaille dans une variété de médiums, notamment la peinture, la sculpture et la photographie. Originaire de France, j\'ai commencé à m\'intéresser à l\'art dès mon plus jeune âge et ai rapidement découvert ma passion pour la création. Au fil du temps, j\'ai développé mon propre style distinctif qui se caractérise par une palette de couleurs riches et vibrantes et une esthétique élégante et sophistiquée. J\'utilise souvent des formes géométriques et des motifs abstraits pour créer des œuvres d\'art qui sont à la fois intrigantes et captivantes.'),
(37,	'test@test.com',	'[\"ROLE_ARTIST\"]',	'$2y$13$PN1tzLobcJrDcx6aw3quhepTKlKBUNOPcVLJcIHQmn4sk1ZgARE9K',	'Petite',	'test',	NULL,	NULL,	'test-petite',	NULL,	NULL),
(38,	'testun@testun.com',	'[\"ROLE_ARTIST\"]',	'$2y$13$e5tveiI1sRkWdi9PI6b/ge2jnypW.B7nN1AbsZJ2tzFIfaxQutY6.',	'test',	'test',	NULL,	NULL,	'test-test',	NULL,	NULL),
(39,	'testreal@real.com',	'[\"ROLE_ARTIST\"]',	'$2y$13$qsCTTJl5/wKc5y9IStQtEuYBf1y8Ee0y2DCdQkB.qBZR.UVJ1xU8K',	'SuperReal',	'SuperReal',	'Test',	NULL,	'test',	'2010-10-10',	'Salut !');

-- 2023-05-01 16:20:42